/*
SQLyog Ultimate v8.82 
MySQL - 5.5.5-10.1.9-MariaDB : Database - parqueo
*********************************************************************
*/

/*!40101 SET NAMES utf8 */;

/*!40101 SET SQL_MODE=''*/;

/*!40014 SET @OLD_UNIQUE_CHECKS=@@UNIQUE_CHECKS, UNIQUE_CHECKS=0 */;
/*!40014 SET @OLD_FOREIGN_KEY_CHECKS=@@FOREIGN_KEY_CHECKS, FOREIGN_KEY_CHECKS=0 */;
/*!40101 SET @OLD_SQL_MODE=@@SQL_MODE, SQL_MODE='NO_AUTO_VALUE_ON_ZERO' */;
/*!40111 SET @OLD_SQL_NOTES=@@SQL_NOTES, SQL_NOTES=0 */;
CREATE DATABASE /*!32312 IF NOT EXISTS*/`parqueo` /*!40100 DEFAULT CHARACTER SET utf8 */;

USE `parqueo`;

/*Table structure for table `mp_cuadras` */

DROP TABLE IF EXISTS `mp_cuadras`;

CREATE TABLE `mp_cuadras` (
  `id_cuadras` int(11) NOT NULL AUTO_INCREMENT,
  `id_via` int(11) DEFAULT NULL,
  `cuadra` int(5) DEFAULT NULL,
  PRIMARY KEY (`id_cuadras`),
  KEY `FK_mp_cuadras` (`id_via`),
  CONSTRAINT `FK_mp_cuadras` FOREIGN KEY (`id_via`) REFERENCES `mpcalle` (`codvia`)
) ENGINE=InnoDB AUTO_INCREMENT=13 DEFAULT CHARSET=utf8;

/*Data for the table `mp_cuadras` */

insert  into `mp_cuadras`(`id_cuadras`,`id_via`,`cuadra`) values (1,1,1),(2,1,2),(3,1,3),(4,1,4),(5,1,5),(6,1,6),(7,1,7),(8,1,8),(9,1,9),(10,1,10),(11,2,3),(12,2,4);

/*Table structure for table `mp_tareaje` */

DROP TABLE IF EXISTS `mp_tareaje`;

CREATE TABLE `mp_tareaje` (
  `id_tareaje` varchar(25) NOT NULL,
  `iduser_parqueador` int(11) DEFAULT NULL,
  `id_turno` int(11) DEFAULT NULL,
  `fecha_tarea` date DEFAULT NULL,
  `fecreg` datetime DEFAULT CURRENT_TIMESTAMP,
  `userreg` varchar(50) DEFAULT NULL,
  `fecmod` datetime DEFAULT NULL,
  `usermod` varchar(50) DEFAULT NULL,
  `id_cuadras` int(11) DEFAULT NULL,
  PRIMARY KEY (`id_tareaje`),
  KEY `FK_MP_tareaje` (`iduser_parqueador`),
  KEY `FK_MP_tareaje_turno` (`id_turno`),
  KEY `FK_MP_tareaje_cuadra` (`id_cuadras`),
  CONSTRAINT `FK_MP_tareaje` FOREIGN KEY (`iduser_parqueador`) REFERENCES `mpuser` (`iduser`),
  CONSTRAINT `FK_MP_tareaje_cuadra` FOREIGN KEY (`id_cuadras`) REFERENCES `mp_cuadras` (`id_cuadras`),
  CONSTRAINT `FK_MP_tareaje_turno` FOREIGN KEY (`id_turno`) REFERENCES `mp_turno` (`id_turno`)
) ENGINE=InnoDB DEFAULT CHARSET=utf8;

/*Data for the table `mp_tareaje` */

insert  into `mp_tareaje`(`id_tareaje`,`iduser_parqueador`,`id_turno`,`fecha_tarea`,`fecreg`,`userreg`,`fecmod`,`usermod`,`id_cuadras`) values ('01-08-2017-001-1',2,1,'2017-08-01','2017-08-10 12:06:05','1',NULL,NULL,1),('01-08-2017-001-2',2,2,'2017-08-01','2017-08-10 17:30:30','1',NULL,NULL,1),('01-08-2017-002-1',3,1,'2017-08-01','2017-08-10 12:06:05','1',NULL,NULL,2),('01-08-2017-002-2',3,2,'2017-08-01','2017-08-10 17:30:30','1',NULL,NULL,2),('01-08-2017-003-1',4,1,'2017-08-01','2017-08-10 12:06:05','1',NULL,NULL,3),('01-08-2017-003-2',5,2,'2017-08-01','2017-08-10 17:30:30','1',NULL,NULL,3),('01-08-2017-004-1',5,1,'2017-08-01','2017-08-10 12:06:05','1',NULL,NULL,4),('01-08-2017-004-2',9,2,'2017-08-01','2017-08-10 17:30:30','1',NULL,NULL,4),('01-08-2017-005-1',6,1,'2017-08-01','2017-08-10 12:06:05','1',NULL,NULL,5),('01-08-2017-005-2',16,2,'2017-08-01','2017-08-10 17:30:30','1',NULL,NULL,5),('01-08-2017-006-1',7,1,'2017-08-01','2017-08-10 12:06:05','1',NULL,NULL,6),('01-08-2017-006-2',13,2,'2017-08-01','2017-08-10 17:30:30','1',NULL,NULL,6),('01-08-2017-007-1',9,1,'2017-08-01','2017-08-10 12:06:05','1',NULL,NULL,7),('01-08-2017-007-2',14,2,'2017-08-01','2017-08-10 17:30:30','1',NULL,NULL,7),('01-08-2017-008-1',10,1,'2017-08-01','2017-08-10 12:06:05','1',NULL,NULL,8),('01-08-2017-008-2',10,2,'2017-08-01','2017-08-10 17:30:30','1',NULL,NULL,8),('01-08-2017-009-1',11,1,'2017-08-01','2017-08-10 12:06:05','1',NULL,NULL,9),('01-08-2017-009-2',11,2,'2017-08-01','2017-08-10 17:30:30','1',NULL,NULL,9),('01-08-2017-010-1',12,1,'2017-08-01','2017-08-10 12:06:05','1',NULL,NULL,10),('01-08-2017-010-2',15,2,'2017-08-01','2017-08-10 17:30:30','1',NULL,NULL,10),('01-08-2017-011-1',13,1,'2017-08-01','2017-08-10 12:06:06','1',NULL,NULL,11),('01-08-2017-011-2',16,2,'2017-08-01','2017-08-10 17:30:30','1',NULL,NULL,11),('01-08-2017-012-1',14,1,'2017-08-01','2017-08-10 12:06:06','1',NULL,NULL,12),('01-08-2017-012-2',6,2,'2017-08-01','2017-08-10 17:30:30','1',NULL,NULL,12),('02-08-2017-001-1',2,1,'2017-08-02','2017-08-10 12:06:05','1',NULL,NULL,1),('02-08-2017-001-2',2,2,'2017-08-02','2017-08-10 17:30:30','1',NULL,NULL,1),('02-08-2017-002-1',3,1,'2017-08-02','2017-08-10 12:06:05','1',NULL,NULL,2),('02-08-2017-002-2',3,2,'2017-08-02','2017-08-10 17:30:30','1',NULL,NULL,2),('02-08-2017-003-1',4,1,'2017-08-02','2017-08-10 12:06:05','1',NULL,NULL,3),('02-08-2017-003-2',5,2,'2017-08-02','2017-08-10 17:30:30','1',NULL,NULL,3),('02-08-2017-004-1',5,1,'2017-08-02','2017-08-10 12:06:05','1',NULL,NULL,4),('02-08-2017-004-2',9,2,'2017-08-02','2017-08-10 17:30:30','1',NULL,NULL,4),('02-08-2017-005-1',6,1,'2017-08-02','2017-08-10 12:06:05','1',NULL,NULL,5),('02-08-2017-005-2',16,2,'2017-08-02','2017-08-10 17:30:30','1',NULL,NULL,5),('02-08-2017-006-1',7,1,'2017-08-02','2017-08-10 12:06:05','1',NULL,NULL,6),('02-08-2017-006-2',13,2,'2017-08-02','2017-08-10 17:30:30','1',NULL,NULL,6),('02-08-2017-007-1',9,1,'2017-08-02','2017-08-10 12:06:05','1',NULL,NULL,7),('02-08-2017-007-2',14,2,'2017-08-02','2017-08-10 17:30:30','1',NULL,NULL,7),('02-08-2017-008-1',10,1,'2017-08-02','2017-08-10 12:06:05','1',NULL,NULL,8),('02-08-2017-008-2',10,2,'2017-08-02','2017-08-10 17:30:30','1',NULL,NULL,8),('02-08-2017-009-1',11,1,'2017-08-02','2017-08-10 12:06:05','1',NULL,NULL,9),('02-08-2017-009-2',11,2,'2017-08-02','2017-08-10 17:30:30','1',NULL,NULL,9),('02-08-2017-010-1',12,1,'2017-08-02','2017-08-10 12:06:05','1',NULL,NULL,10),('02-08-2017-010-2',15,2,'2017-08-02','2017-08-10 17:30:30','1',NULL,NULL,10),('02-08-2017-011-1',13,1,'2017-08-02','2017-08-10 12:06:06','1',NULL,NULL,11),('02-08-2017-011-2',16,2,'2017-08-02','2017-08-10 17:30:30','1',NULL,NULL,11),('02-08-2017-012-1',14,1,'2017-08-02','2017-08-10 12:06:06','1',NULL,NULL,12),('02-08-2017-012-2',6,2,'2017-08-02','2017-08-10 17:30:30','1',NULL,NULL,12),('03-08-2017-001-1',2,1,'2017-08-03','2017-08-10 12:06:05','1',NULL,NULL,1),('03-08-2017-001-2',2,2,'2017-08-03','2017-08-10 17:30:30','1',NULL,NULL,1),('03-08-2017-002-1',3,1,'2017-08-03','2017-08-10 12:06:05','1',NULL,NULL,2),('03-08-2017-002-2',3,2,'2017-08-03','2017-08-10 17:30:30','1',NULL,NULL,2),('03-08-2017-003-1',4,1,'2017-08-03','2017-08-10 12:06:05','1',NULL,NULL,3),('03-08-2017-003-2',5,2,'2017-08-03','2017-08-10 17:30:30','1',NULL,NULL,3),('03-08-2017-004-1',5,1,'2017-08-03','2017-08-10 12:06:05','1',NULL,NULL,4),('03-08-2017-004-2',9,2,'2017-08-03','2017-08-10 17:30:30','1',NULL,NULL,4),('03-08-2017-005-1',6,1,'2017-08-03','2017-08-10 12:06:05','1',NULL,NULL,5),('03-08-2017-005-2',16,2,'2017-08-03','2017-08-10 17:30:30','1',NULL,NULL,5),('03-08-2017-006-1',7,1,'2017-08-03','2017-08-10 12:06:05','1',NULL,NULL,6),('03-08-2017-006-2',13,2,'2017-08-03','2017-08-10 17:30:30','1',NULL,NULL,6),('03-08-2017-007-1',9,1,'2017-08-03','2017-08-10 12:06:05','1',NULL,NULL,7),('03-08-2017-007-2',14,2,'2017-08-03','2017-08-10 17:30:30','1',NULL,NULL,7),('03-08-2017-008-1',10,1,'2017-08-03','2017-08-10 12:06:05','1',NULL,NULL,8),('03-08-2017-008-2',10,2,'2017-08-03','2017-08-10 17:30:30','1',NULL,NULL,8),('03-08-2017-009-1',11,1,'2017-08-03','2017-08-10 12:06:05','1',NULL,NULL,9),('03-08-2017-009-2',11,2,'2017-08-03','2017-08-10 17:30:30','1',NULL,NULL,9),('03-08-2017-010-1',12,1,'2017-08-03','2017-08-10 12:06:05','1',NULL,NULL,10),('03-08-2017-010-2',15,2,'2017-08-03','2017-08-10 17:30:30','1',NULL,NULL,10),('03-08-2017-011-1',13,1,'2017-08-03','2017-08-10 12:06:06','1',NULL,NULL,11),('03-08-2017-011-2',16,2,'2017-08-03','2017-08-10 17:30:30','1',NULL,NULL,11),('03-08-2017-012-1',14,1,'2017-08-03','2017-08-10 12:06:06','1',NULL,NULL,12),('03-08-2017-012-2',6,2,'2017-08-03','2017-08-10 17:30:30','1',NULL,NULL,12),('04-08-2017-001-1',2,1,'2017-08-04','2017-08-10 12:06:05','1',NULL,NULL,1),('04-08-2017-001-2',2,2,'2017-08-04','2017-08-10 17:30:30','1',NULL,NULL,1),('04-08-2017-002-1',3,1,'2017-08-04','2017-08-10 12:06:05','1',NULL,NULL,2),('04-08-2017-002-2',3,2,'2017-08-04','2017-08-10 17:30:30','1',NULL,NULL,2),('04-08-2017-003-1',4,1,'2017-08-04','2017-08-10 12:06:05','1',NULL,NULL,3),('04-08-2017-003-2',5,2,'2017-08-04','2017-08-10 17:30:30','1',NULL,NULL,3),('04-08-2017-004-1',5,1,'2017-08-04','2017-08-10 12:06:05','1',NULL,NULL,4),('04-08-2017-004-2',9,2,'2017-08-04','2017-08-10 17:30:30','1',NULL,NULL,4),('04-08-2017-005-1',6,1,'2017-08-04','2017-08-10 12:06:05','1',NULL,NULL,5),('04-08-2017-005-2',16,2,'2017-08-04','2017-08-10 17:30:30','1',NULL,NULL,5),('04-08-2017-006-1',7,1,'2017-08-04','2017-08-10 12:06:05','1',NULL,NULL,6),('04-08-2017-006-2',13,2,'2017-08-04','2017-08-10 17:30:30','1',NULL,NULL,6),('04-08-2017-007-1',9,1,'2017-08-04','2017-08-10 12:06:05','1',NULL,NULL,7),('04-08-2017-007-2',14,2,'2017-08-04','2017-08-10 17:30:30','1',NULL,NULL,7),('04-08-2017-008-1',10,1,'2017-08-04','2017-08-10 12:06:05','1',NULL,NULL,8),('04-08-2017-008-2',10,2,'2017-08-04','2017-08-10 17:30:30','1',NULL,NULL,8),('04-08-2017-009-1',11,1,'2017-08-04','2017-08-10 12:06:05','1',NULL,NULL,9),('04-08-2017-009-2',11,2,'2017-08-04','2017-08-10 17:30:30','1',NULL,NULL,9),('04-08-2017-010-1',12,1,'2017-08-04','2017-08-10 12:06:05','1',NULL,NULL,10),('04-08-2017-010-2',15,2,'2017-08-04','2017-08-10 17:30:30','1',NULL,NULL,10),('04-08-2017-011-1',13,1,'2017-08-04','2017-08-10 12:06:06','1',NULL,NULL,11),('04-08-2017-011-2',16,2,'2017-08-04','2017-08-10 17:30:30','1',NULL,NULL,11),('04-08-2017-012-1',14,1,'2017-08-04','2017-08-10 12:06:06','1',NULL,NULL,12),('04-08-2017-012-2',6,2,'2017-08-04','2017-08-10 17:30:30','1',NULL,NULL,12),('05-08-2017-001-1',2,1,'2017-08-05','2017-08-10 12:06:05','1',NULL,NULL,1),('05-08-2017-001-2',2,2,'2017-08-05','2017-08-10 17:30:30','1',NULL,NULL,1),('05-08-2017-002-1',3,1,'2017-08-05','2017-08-10 12:06:05','1',NULL,NULL,2),('05-08-2017-002-2',3,2,'2017-08-05','2017-08-10 17:30:30','1',NULL,NULL,2),('05-08-2017-003-1',4,1,'2017-08-05','2017-08-10 12:06:05','1',NULL,NULL,3),('05-08-2017-003-2',5,2,'2017-08-05','2017-08-10 17:30:30','1',NULL,NULL,3),('05-08-2017-004-1',5,1,'2017-08-05','2017-08-10 12:06:05','1',NULL,NULL,4),('05-08-2017-004-2',9,2,'2017-08-05','2017-08-10 17:30:30','1',NULL,NULL,4),('05-08-2017-005-1',6,1,'2017-08-05','2017-08-10 12:06:05','1',NULL,NULL,5),('05-08-2017-005-2',16,2,'2017-08-05','2017-08-10 17:30:30','1',NULL,NULL,5),('05-08-2017-006-1',7,1,'2017-08-05','2017-08-10 12:06:05','1',NULL,NULL,6),('05-08-2017-006-2',13,2,'2017-08-05','2017-08-10 17:30:30','1',NULL,NULL,6),('05-08-2017-007-1',9,1,'2017-08-05','2017-08-10 12:06:05','1',NULL,NULL,7),('05-08-2017-007-2',14,2,'2017-08-05','2017-08-10 17:30:30','1',NULL,NULL,7),('05-08-2017-008-1',10,1,'2017-08-05','2017-08-10 12:06:05','1',NULL,NULL,8),('05-08-2017-008-2',10,2,'2017-08-05','2017-08-10 17:30:30','1',NULL,NULL,8),('05-08-2017-009-1',11,1,'2017-08-05','2017-08-10 12:06:05','1',NULL,NULL,9),('05-08-2017-009-2',11,2,'2017-08-05','2017-08-10 17:30:30','1',NULL,NULL,9),('05-08-2017-010-1',12,1,'2017-08-05','2017-08-10 12:06:05','1',NULL,NULL,10),('05-08-2017-010-2',15,2,'2017-08-05','2017-08-10 17:30:30','1',NULL,NULL,10),('05-08-2017-011-1',13,1,'2017-08-05','2017-08-10 12:06:06','1',NULL,NULL,11),('05-08-2017-011-2',16,2,'2017-08-05','2017-08-10 17:30:30','1',NULL,NULL,11),('05-08-2017-012-1',14,1,'2017-08-05','2017-08-10 12:06:06','1',NULL,NULL,12),('05-08-2017-012-2',6,2,'2017-08-05','2017-08-10 17:30:30','1',NULL,NULL,12),('06-08-2017-001-1',2,1,'2017-08-06','2017-08-10 12:06:05','1',NULL,NULL,1),('06-08-2017-001-2',2,2,'2017-08-06','2017-08-10 17:30:30','1',NULL,NULL,1),('06-08-2017-002-1',3,1,'2017-08-06','2017-08-10 12:06:05','1',NULL,NULL,2),('06-08-2017-002-2',3,2,'2017-08-06','2017-08-10 17:30:30','1',NULL,NULL,2),('06-08-2017-003-1',4,1,'2017-08-06','2017-08-10 12:06:05','1',NULL,NULL,3),('06-08-2017-003-2',5,2,'2017-08-06','2017-08-10 17:30:30','1',NULL,NULL,3),('06-08-2017-004-1',5,1,'2017-08-06','2017-08-10 12:06:05','1',NULL,NULL,4),('06-08-2017-004-2',9,2,'2017-08-06','2017-08-10 17:30:30','1',NULL,NULL,4),('06-08-2017-005-1',6,1,'2017-08-06','2017-08-10 12:06:05','1',NULL,NULL,5),('06-08-2017-005-2',16,2,'2017-08-06','2017-08-10 17:30:30','1',NULL,NULL,5),('06-08-2017-006-1',7,1,'2017-08-06','2017-08-10 12:06:05','1',NULL,NULL,6),('06-08-2017-006-2',13,2,'2017-08-06','2017-08-10 17:30:30','1',NULL,NULL,6),('06-08-2017-007-1',9,1,'2017-08-06','2017-08-10 12:06:05','1',NULL,NULL,7),('06-08-2017-007-2',14,2,'2017-08-06','2017-08-10 17:30:30','1',NULL,NULL,7),('06-08-2017-008-1',10,1,'2017-08-06','2017-08-10 12:06:05','1',NULL,NULL,8),('06-08-2017-008-2',10,2,'2017-08-06','2017-08-10 17:30:30','1',NULL,NULL,8),('06-08-2017-009-1',11,1,'2017-08-06','2017-08-10 12:06:05','1',NULL,NULL,9),('06-08-2017-009-2',11,2,'2017-08-06','2017-08-10 17:30:30','1',NULL,NULL,9),('06-08-2017-010-1',12,1,'2017-08-06','2017-08-10 12:06:05','1',NULL,NULL,10),('06-08-2017-010-2',15,2,'2017-08-06','2017-08-10 17:30:30','1',NULL,NULL,10),('06-08-2017-011-1',13,1,'2017-08-06','2017-08-10 12:06:06','1',NULL,NULL,11),('06-08-2017-011-2',16,2,'2017-08-06','2017-08-10 17:30:30','1',NULL,NULL,11),('06-08-2017-012-1',14,1,'2017-08-06','2017-08-10 12:06:06','1',NULL,NULL,12),('06-08-2017-012-2',6,2,'2017-08-06','2017-08-10 17:30:30','1',NULL,NULL,12),('07-08-2017-001-1',2,1,'2017-08-07','2017-08-10 12:06:05','1',NULL,NULL,1),('07-08-2017-001-2',2,2,'2017-08-07','2017-08-10 17:30:30','1',NULL,NULL,1),('07-08-2017-002-1',3,1,'2017-08-07','2017-08-10 12:06:05','1',NULL,NULL,2),('07-08-2017-002-2',3,2,'2017-08-07','2017-08-10 17:30:30','1',NULL,NULL,2),('07-08-2017-003-1',4,1,'2017-08-07','2017-08-10 12:06:05','1',NULL,NULL,3),('07-08-2017-003-2',5,2,'2017-08-07','2017-08-10 17:30:30','1',NULL,NULL,3),('07-08-2017-004-1',5,1,'2017-08-07','2017-08-10 12:06:05','1',NULL,NULL,4),('07-08-2017-004-2',9,2,'2017-08-07','2017-08-10 17:30:30','1',NULL,NULL,4),('07-08-2017-005-1',6,1,'2017-08-07','2017-08-10 12:06:05','1',NULL,NULL,5),('07-08-2017-005-2',16,2,'2017-08-07','2017-08-10 17:30:30','1',NULL,NULL,5),('07-08-2017-006-1',7,1,'2017-08-07','2017-08-10 12:06:05','1',NULL,NULL,6),('07-08-2017-006-2',13,2,'2017-08-07','2017-08-10 17:30:30','1',NULL,NULL,6),('07-08-2017-007-1',9,1,'2017-08-07','2017-08-10 12:06:05','1',NULL,NULL,7),('07-08-2017-007-2',14,2,'2017-08-07','2017-08-10 17:30:30','1',NULL,NULL,7),('07-08-2017-008-1',10,1,'2017-08-07','2017-08-10 12:06:05','1',NULL,NULL,8),('07-08-2017-008-2',10,2,'2017-08-07','2017-08-10 17:30:30','1',NULL,NULL,8),('07-08-2017-009-1',11,1,'2017-08-07','2017-08-10 12:06:05','1',NULL,NULL,9),('07-08-2017-009-2',11,2,'2017-08-07','2017-08-10 17:30:30','1',NULL,NULL,9),('07-08-2017-010-1',12,1,'2017-08-07','2017-08-10 12:06:05','1',NULL,NULL,10),('07-08-2017-010-2',15,2,'2017-08-07','2017-08-10 17:30:30','1',NULL,NULL,10),('07-08-2017-011-1',13,1,'2017-08-07','2017-08-10 12:06:06','1',NULL,NULL,11),('07-08-2017-011-2',16,2,'2017-08-07','2017-08-10 17:30:30','1',NULL,NULL,11),('07-08-2017-012-1',14,1,'2017-08-07','2017-08-10 12:06:06','1',NULL,NULL,12),('07-08-2017-012-2',6,2,'2017-08-07','2017-08-10 17:30:30','1',NULL,NULL,12),('08-08-2017-001-1',2,1,'2017-08-08','2017-08-10 12:06:05','1',NULL,NULL,1),('08-08-2017-001-2',2,2,'2017-08-08','2017-08-10 17:30:30','1',NULL,NULL,1),('08-08-2017-002-1',3,1,'2017-08-08','2017-08-10 12:06:05','1',NULL,NULL,2),('08-08-2017-002-2',3,2,'2017-08-08','2017-08-10 17:30:30','1',NULL,NULL,2),('08-08-2017-003-1',4,1,'2017-08-08','2017-08-10 12:06:05','1',NULL,NULL,3),('08-08-2017-003-2',5,2,'2017-08-08','2017-08-10 17:30:30','1',NULL,NULL,3),('08-08-2017-004-1',5,1,'2017-08-08','2017-08-10 12:06:05','1',NULL,NULL,4),('08-08-2017-004-2',9,2,'2017-08-08','2017-08-10 17:30:30','1',NULL,NULL,4),('08-08-2017-005-1',6,1,'2017-08-08','2017-08-10 12:06:05','1',NULL,NULL,5),('08-08-2017-005-2',16,2,'2017-08-08','2017-08-10 17:30:30','1',NULL,NULL,5),('08-08-2017-006-1',7,1,'2017-08-08','2017-08-10 12:06:05','1',NULL,NULL,6),('08-08-2017-006-2',13,2,'2017-08-08','2017-08-10 17:30:30','1',NULL,NULL,6),('08-08-2017-007-1',9,1,'2017-08-08','2017-08-10 12:06:05','1',NULL,NULL,7),('08-08-2017-007-2',14,2,'2017-08-08','2017-08-10 17:30:30','1',NULL,NULL,7),('08-08-2017-008-1',10,1,'2017-08-08','2017-08-10 12:06:05','1',NULL,NULL,8),('08-08-2017-008-2',10,2,'2017-08-08','2017-08-10 17:30:30','1',NULL,NULL,8),('08-08-2017-009-1',11,1,'2017-08-08','2017-08-10 12:06:05','1',NULL,NULL,9),('08-08-2017-009-2',11,2,'2017-08-08','2017-08-10 17:30:30','1',NULL,NULL,9),('08-08-2017-010-1',12,1,'2017-08-08','2017-08-10 12:06:05','1',NULL,NULL,10),('08-08-2017-010-2',15,2,'2017-08-08','2017-08-10 17:30:30','1',NULL,NULL,10),('08-08-2017-011-1',13,1,'2017-08-08','2017-08-10 12:06:06','1',NULL,NULL,11),('08-08-2017-011-2',16,2,'2017-08-08','2017-08-10 17:30:30','1',NULL,NULL,11),('08-08-2017-012-1',14,1,'2017-08-08','2017-08-10 12:06:06','1',NULL,NULL,12),('08-08-2017-012-2',6,2,'2017-08-08','2017-08-10 17:30:30','1',NULL,NULL,12),('09-08-2017-001-1',2,1,'2017-08-09','2017-08-10 12:06:05','1',NULL,NULL,1),('09-08-2017-001-2',2,2,'2017-08-09','2017-08-10 17:30:30','1',NULL,NULL,1),('09-08-2017-002-1',3,1,'2017-08-09','2017-08-10 12:06:05','1',NULL,NULL,2),('09-08-2017-002-2',3,2,'2017-08-09','2017-08-10 17:30:30','1',NULL,NULL,2),('09-08-2017-003-1',4,1,'2017-08-09','2017-08-10 12:06:05','1',NULL,NULL,3),('09-08-2017-003-2',5,2,'2017-08-09','2017-08-10 17:30:30','1',NULL,NULL,3),('09-08-2017-004-1',5,1,'2017-08-09','2017-08-10 12:06:05','1',NULL,NULL,4),('09-08-2017-004-2',9,2,'2017-08-09','2017-08-10 17:30:30','1',NULL,NULL,4),('09-08-2017-005-1',6,1,'2017-08-09','2017-08-10 12:06:05','1',NULL,NULL,5),('09-08-2017-005-2',16,2,'2017-08-09','2017-08-10 17:30:30','1',NULL,NULL,5),('09-08-2017-006-1',7,1,'2017-08-09','2017-08-10 12:06:05','1',NULL,NULL,6),('09-08-2017-006-2',13,2,'2017-08-09','2017-08-10 17:30:30','1',NULL,NULL,6),('09-08-2017-007-1',9,1,'2017-08-09','2017-08-10 12:06:05','1',NULL,NULL,7),('09-08-2017-007-2',14,2,'2017-08-09','2017-08-10 17:30:30','1',NULL,NULL,7),('09-08-2017-008-1',10,1,'2017-08-09','2017-08-10 12:06:05','1',NULL,NULL,8),('09-08-2017-008-2',10,2,'2017-08-09','2017-08-10 17:30:30','1',NULL,NULL,8),('09-08-2017-009-1',11,1,'2017-08-09','2017-08-10 12:06:05','1',NULL,NULL,9),('09-08-2017-009-2',11,2,'2017-08-09','2017-08-10 17:30:30','1',NULL,NULL,9),('09-08-2017-010-1',12,1,'2017-08-09','2017-08-10 12:06:05','1',NULL,NULL,10),('09-08-2017-010-2',15,2,'2017-08-09','2017-08-10 17:30:30','1',NULL,NULL,10),('09-08-2017-011-1',13,1,'2017-08-09','2017-08-10 12:06:06','1',NULL,NULL,11),('09-08-2017-011-2',16,2,'2017-08-09','2017-08-10 17:30:30','1',NULL,NULL,11),('09-08-2017-012-1',14,1,'2017-08-09','2017-08-10 12:06:06','1',NULL,NULL,12),('09-08-2017-012-2',6,2,'2017-08-09','2017-08-10 17:30:30','1',NULL,NULL,12),('10-08-2017-001-1',2,1,'2017-08-10','2017-08-10 12:06:05','1',NULL,NULL,1),('10-08-2017-001-2',2,2,'2017-08-10','2017-08-10 17:30:30','1',NULL,NULL,1),('10-08-2017-002-1',3,1,'2017-08-10','2017-08-10 12:06:05','1',NULL,NULL,2),('10-08-2017-002-2',3,2,'2017-08-10','2017-08-10 17:30:30','1',NULL,NULL,2),('10-08-2017-003-1',4,1,'2017-08-10','2017-08-10 12:06:05','1',NULL,NULL,3),('10-08-2017-003-2',5,2,'2017-08-10','2017-08-10 17:30:30','1',NULL,NULL,3),('10-08-2017-004-1',5,1,'2017-08-10','2017-08-10 12:06:05','1',NULL,NULL,4),('10-08-2017-004-2',9,2,'2017-08-10','2017-08-10 17:30:30','1',NULL,NULL,4),('10-08-2017-005-1',6,1,'2017-08-10','2017-08-10 12:06:05','1',NULL,NULL,5),('10-08-2017-005-2',16,2,'2017-08-10','2017-08-10 17:30:30','1',NULL,NULL,5),('10-08-2017-006-1',7,1,'2017-08-10','2017-08-10 12:06:05','1',NULL,NULL,6),('10-08-2017-006-2',13,2,'2017-08-10','2017-08-10 17:30:30','1',NULL,NULL,6),('10-08-2017-007-1',9,1,'2017-08-10','2017-08-10 12:06:05','1',NULL,NULL,7),('10-08-2017-007-2',14,2,'2017-08-10','2017-08-10 17:30:30','1',NULL,NULL,7),('10-08-2017-008-1',10,1,'2017-08-10','2017-08-10 12:06:05','1',NULL,NULL,8),('10-08-2017-008-2',10,2,'2017-08-10','2017-08-10 17:30:30','1',NULL,NULL,8),('10-08-2017-009-1',11,1,'2017-08-10','2017-08-10 12:06:05','1',NULL,NULL,9),('10-08-2017-009-2',11,2,'2017-08-10','2017-08-10 17:30:30','1',NULL,NULL,9),('10-08-2017-010-1',12,1,'2017-08-10','2017-08-10 12:06:05','1',NULL,NULL,10),('10-08-2017-010-2',15,2,'2017-08-10','2017-08-10 17:30:30','1',NULL,NULL,10),('10-08-2017-011-1',13,1,'2017-08-10','2017-08-10 12:06:06','1',NULL,NULL,11),('10-08-2017-011-2',16,2,'2017-08-10','2017-08-10 17:30:30','1',NULL,NULL,11),('10-08-2017-012-1',14,1,'2017-08-10','2017-08-10 12:06:06','1',NULL,NULL,12),('10-08-2017-012-2',6,2,'2017-08-10','2017-08-10 17:30:30','1',NULL,NULL,12),('11-08-2017-001-1',2,1,'2017-08-11','2017-08-10 12:06:05','1',NULL,NULL,1),('11-08-2017-001-2',2,2,'2017-08-11','2017-08-10 17:30:30','1',NULL,NULL,1),('11-08-2017-002-1',3,1,'2017-08-11','2017-08-10 12:06:05','1',NULL,NULL,2),('11-08-2017-002-2',3,2,'2017-08-11','2017-08-10 17:30:30','1',NULL,NULL,2),('11-08-2017-003-1',4,1,'2017-08-11','2017-08-10 12:06:05','1',NULL,NULL,3),('11-08-2017-003-2',5,2,'2017-08-11','2017-08-10 17:30:30','1',NULL,NULL,3),('11-08-2017-004-1',5,1,'2017-08-11','2017-08-10 12:06:05','1',NULL,NULL,4),('11-08-2017-004-2',9,2,'2017-08-11','2017-08-10 17:30:30','1',NULL,NULL,4),('11-08-2017-005-1',6,1,'2017-08-11','2017-08-10 12:06:05','1',NULL,NULL,5),('11-08-2017-005-2',16,2,'2017-08-11','2017-08-10 17:30:30','1',NULL,NULL,5),('11-08-2017-006-1',7,1,'2017-08-11','2017-08-10 12:06:05','1',NULL,NULL,6),('11-08-2017-006-2',13,2,'2017-08-11','2017-08-10 17:30:30','1',NULL,NULL,6),('11-08-2017-007-1',9,1,'2017-08-11','2017-08-10 12:06:05','1',NULL,NULL,7),('11-08-2017-007-2',14,2,'2017-08-11','2017-08-10 17:30:30','1',NULL,NULL,7),('11-08-2017-008-1',10,1,'2017-08-11','2017-08-10 12:06:05','1',NULL,NULL,8),('11-08-2017-008-2',10,2,'2017-08-11','2017-08-10 17:30:30','1',NULL,NULL,8),('11-08-2017-009-1',11,1,'2017-08-11','2017-08-10 12:06:05','1',NULL,NULL,9),('11-08-2017-009-2',11,2,'2017-08-11','2017-08-10 17:30:30','1',NULL,NULL,9),('11-08-2017-010-1',12,1,'2017-08-11','2017-08-10 12:06:05','1',NULL,NULL,10),('11-08-2017-010-2',15,2,'2017-08-11','2017-08-10 17:30:30','1',NULL,NULL,10),('11-08-2017-011-1',13,1,'2017-08-11','2017-08-10 12:06:06','1',NULL,NULL,11),('11-08-2017-011-2',16,2,'2017-08-11','2017-08-10 17:30:30','1',NULL,NULL,11),('11-08-2017-012-1',14,1,'2017-08-11','2017-08-10 12:06:06','1',NULL,NULL,12),('11-08-2017-012-2',6,2,'2017-08-11','2017-08-10 17:30:30','1',NULL,NULL,12),('12-08-2017-001-1',2,1,'2017-08-12','2017-08-10 12:06:05','1',NULL,NULL,1),('12-08-2017-001-2',2,2,'2017-08-12','2017-08-10 17:30:30','1',NULL,NULL,1),('12-08-2017-002-1',3,1,'2017-08-12','2017-08-10 12:06:05','1',NULL,NULL,2),('12-08-2017-002-2',3,2,'2017-08-12','2017-08-10 17:30:30','1',NULL,NULL,2),('12-08-2017-003-1',4,1,'2017-08-12','2017-08-10 12:06:05','1',NULL,NULL,3),('12-08-2017-003-2',5,2,'2017-08-12','2017-08-10 17:30:30','1',NULL,NULL,3),('12-08-2017-004-1',5,1,'2017-08-12','2017-08-10 12:06:05','1',NULL,NULL,4),('12-08-2017-004-2',9,2,'2017-08-12','2017-08-10 17:30:30','1',NULL,NULL,4),('12-08-2017-005-1',6,1,'2017-08-12','2017-08-10 12:06:05','1',NULL,NULL,5),('12-08-2017-005-2',16,2,'2017-08-12','2017-08-10 17:30:30','1',NULL,NULL,5),('12-08-2017-006-1',7,1,'2017-08-12','2017-08-10 12:06:05','1',NULL,NULL,6),('12-08-2017-006-2',13,2,'2017-08-12','2017-08-10 17:30:30','1',NULL,NULL,6),('12-08-2017-007-1',9,1,'2017-08-12','2017-08-10 12:06:05','1',NULL,NULL,7),('12-08-2017-007-2',14,2,'2017-08-12','2017-08-10 17:30:30','1',NULL,NULL,7),('12-08-2017-008-1',10,1,'2017-08-12','2017-08-10 12:06:05','1',NULL,NULL,8),('12-08-2017-008-2',10,2,'2017-08-12','2017-08-10 17:30:30','1',NULL,NULL,8),('12-08-2017-009-1',11,1,'2017-08-12','2017-08-10 12:06:05','1',NULL,NULL,9),('12-08-2017-009-2',11,2,'2017-08-12','2017-08-10 17:30:30','1',NULL,NULL,9),('12-08-2017-010-1',12,1,'2017-08-12','2017-08-10 12:06:05','1',NULL,NULL,10),('12-08-2017-010-2',15,2,'2017-08-12','2017-08-10 17:30:30','1',NULL,NULL,10),('12-08-2017-011-1',13,1,'2017-08-12','2017-08-10 12:06:06','1',NULL,NULL,11),('12-08-2017-011-2',16,2,'2017-08-12','2017-08-10 17:30:30','1',NULL,NULL,11),('12-08-2017-012-1',14,1,'2017-08-12','2017-08-10 12:06:06','1',NULL,NULL,12),('12-08-2017-012-2',6,2,'2017-08-12','2017-08-10 17:30:30','1',NULL,NULL,12),('13-08-2017-001-1',2,1,'2017-08-13','2017-08-10 12:06:05','1',NULL,NULL,1),('13-08-2017-001-2',2,2,'2017-08-13','2017-08-10 17:30:30','1',NULL,NULL,1),('13-08-2017-002-1',3,1,'2017-08-13','2017-08-10 12:06:05','1',NULL,NULL,2),('13-08-2017-002-2',3,2,'2017-08-13','2017-08-10 17:30:30','1',NULL,NULL,2),('13-08-2017-003-1',4,1,'2017-08-13','2017-08-10 12:06:05','1',NULL,NULL,3),('13-08-2017-003-2',5,2,'2017-08-13','2017-08-10 17:30:30','1',NULL,NULL,3),('13-08-2017-004-1',5,1,'2017-08-13','2017-08-10 12:06:05','1',NULL,NULL,4),('13-08-2017-004-2',9,2,'2017-08-13','2017-08-10 17:30:30','1',NULL,NULL,4),('13-08-2017-005-1',6,1,'2017-08-13','2017-08-10 12:06:05','1',NULL,NULL,5),('13-08-2017-005-2',16,2,'2017-08-13','2017-08-10 17:30:30','1',NULL,NULL,5),('13-08-2017-006-1',7,1,'2017-08-13','2017-08-10 12:06:05','1',NULL,NULL,6),('13-08-2017-006-2',13,2,'2017-08-13','2017-08-10 17:30:30','1',NULL,NULL,6),('13-08-2017-007-1',9,1,'2017-08-13','2017-08-10 12:06:05','1',NULL,NULL,7),('13-08-2017-007-2',14,2,'2017-08-13','2017-08-10 17:30:30','1',NULL,NULL,7),('13-08-2017-008-1',10,1,'2017-08-13','2017-08-10 12:06:05','1',NULL,NULL,8),('13-08-2017-008-2',10,2,'2017-08-13','2017-08-10 17:30:30','1',NULL,NULL,8),('13-08-2017-009-1',11,1,'2017-08-13','2017-08-10 12:06:05','1',NULL,NULL,9),('13-08-2017-009-2',11,2,'2017-08-13','2017-08-10 17:30:30','1',NULL,NULL,9),('13-08-2017-010-1',12,1,'2017-08-13','2017-08-10 12:06:05','1',NULL,NULL,10),('13-08-2017-010-2',15,2,'2017-08-13','2017-08-10 17:30:30','1',NULL,NULL,10),('13-08-2017-011-1',13,1,'2017-08-13','2017-08-10 12:06:06','1',NULL,NULL,11),('13-08-2017-011-2',16,2,'2017-08-13','2017-08-10 17:30:30','1',NULL,NULL,11),('13-08-2017-012-1',14,1,'2017-08-13','2017-08-10 12:06:06','1',NULL,NULL,12),('13-08-2017-012-2',6,2,'2017-08-13','2017-08-10 17:30:30','1',NULL,NULL,12),('14-08-2017-001-1',2,1,'2017-08-14','2017-08-10 12:06:05','1',NULL,NULL,1),('14-08-2017-001-2',2,2,'2017-08-14','2017-08-10 17:30:30','1',NULL,NULL,1),('14-08-2017-002-1',3,1,'2017-08-14','2017-08-10 12:06:05','1',NULL,NULL,2),('14-08-2017-002-2',3,2,'2017-08-14','2017-08-10 17:30:30','1',NULL,NULL,2),('14-08-2017-003-1',4,1,'2017-08-14','2017-08-10 12:06:05','1',NULL,NULL,3),('14-08-2017-003-2',5,2,'2017-08-14','2017-08-10 17:30:30','1',NULL,NULL,3),('14-08-2017-004-1',5,1,'2017-08-14','2017-08-10 12:06:05','1',NULL,NULL,4),('14-08-2017-004-2',9,2,'2017-08-14','2017-08-10 17:30:30','1',NULL,NULL,4),('14-08-2017-005-1',6,1,'2017-08-14','2017-08-10 12:06:05','1',NULL,NULL,5),('14-08-2017-005-2',16,2,'2017-08-14','2017-08-10 17:30:30','1',NULL,NULL,5),('14-08-2017-006-1',7,1,'2017-08-14','2017-08-10 12:06:05','1',NULL,NULL,6),('14-08-2017-006-2',13,2,'2017-08-14','2017-08-10 17:30:30','1',NULL,NULL,6),('14-08-2017-007-1',9,1,'2017-08-14','2017-08-10 12:06:05','1',NULL,NULL,7),('14-08-2017-007-2',14,2,'2017-08-14','2017-08-10 17:30:30','1',NULL,NULL,7),('14-08-2017-008-1',10,1,'2017-08-14','2017-08-10 12:06:05','1',NULL,NULL,8),('14-08-2017-008-2',10,2,'2017-08-14','2017-08-10 17:30:30','1',NULL,NULL,8),('14-08-2017-009-1',11,1,'2017-08-14','2017-08-10 12:06:05','1',NULL,NULL,9),('14-08-2017-009-2',11,2,'2017-08-14','2017-08-10 17:30:30','1',NULL,NULL,9),('14-08-2017-010-1',12,1,'2017-08-14','2017-08-10 12:06:05','1',NULL,NULL,10),('14-08-2017-010-2',15,2,'2017-08-14','2017-08-10 17:30:30','1',NULL,NULL,10),('14-08-2017-011-1',13,1,'2017-08-14','2017-08-10 12:06:06','1',NULL,NULL,11),('14-08-2017-011-2',16,2,'2017-08-14','2017-08-10 17:30:30','1',NULL,NULL,11),('14-08-2017-012-1',14,1,'2017-08-14','2017-08-10 12:06:06','1',NULL,NULL,12),('14-08-2017-012-2',6,2,'2017-08-14','2017-08-10 17:30:30','1',NULL,NULL,12),('15-08-2017-001-1',2,1,'2017-08-15','2017-08-10 12:06:05','1',NULL,NULL,1),('15-08-2017-001-2',2,2,'2017-08-15','2017-08-10 17:30:30','1',NULL,NULL,1),('15-08-2017-002-1',3,1,'2017-08-15','2017-08-10 12:06:05','1',NULL,NULL,2),('15-08-2017-002-2',3,2,'2017-08-15','2017-08-10 17:30:30','1',NULL,NULL,2),('15-08-2017-003-1',4,1,'2017-08-15','2017-08-10 12:06:05','1',NULL,NULL,3),('15-08-2017-003-2',5,2,'2017-08-15','2017-08-10 17:30:30','1',NULL,NULL,3),('15-08-2017-004-1',5,1,'2017-08-15','2017-08-10 12:06:05','1',NULL,NULL,4),('15-08-2017-004-2',9,2,'2017-08-15','2017-08-10 17:30:30','1',NULL,NULL,4),('15-08-2017-005-1',6,1,'2017-08-15','2017-08-10 12:06:05','1',NULL,NULL,5),('15-08-2017-005-2',16,2,'2017-08-15','2017-08-10 17:30:30','1',NULL,NULL,5),('15-08-2017-006-1',7,1,'2017-08-15','2017-08-10 12:06:05','1',NULL,NULL,6),('15-08-2017-006-2',13,2,'2017-08-15','2017-08-10 17:30:30','1',NULL,NULL,6),('15-08-2017-007-1',9,1,'2017-08-15','2017-08-10 12:06:05','1',NULL,NULL,7),('15-08-2017-007-2',14,2,'2017-08-15','2017-08-10 17:30:30','1',NULL,NULL,7),('15-08-2017-008-1',10,1,'2017-08-15','2017-08-10 12:06:05','1',NULL,NULL,8),('15-08-2017-008-2',10,2,'2017-08-15','2017-08-10 17:30:30','1',NULL,NULL,8),('15-08-2017-009-1',11,1,'2017-08-15','2017-08-10 12:06:05','1',NULL,NULL,9),('15-08-2017-009-2',11,2,'2017-08-15','2017-08-10 17:30:30','1',NULL,NULL,9),('15-08-2017-010-1',12,1,'2017-08-15','2017-08-10 12:06:05','1',NULL,NULL,10),('15-08-2017-010-2',15,2,'2017-08-15','2017-08-10 17:30:30','1',NULL,NULL,10),('15-08-2017-011-1',13,1,'2017-08-15','2017-08-10 12:06:06','1',NULL,NULL,11),('15-08-2017-011-2',16,2,'2017-08-15','2017-08-10 17:30:30','1',NULL,NULL,11),('15-08-2017-012-1',14,1,'2017-08-15','2017-08-10 12:06:06','1',NULL,NULL,12),('15-08-2017-012-2',6,2,'2017-08-15','2017-08-10 17:30:30','1',NULL,NULL,12),('16-08-2017-001-1',2,1,'2017-08-16','2017-08-10 12:06:05','1',NULL,NULL,1),('16-08-2017-001-2',2,2,'2017-08-16','2017-08-10 17:30:30','1',NULL,NULL,1),('16-08-2017-002-1',3,1,'2017-08-16','2017-08-10 12:06:05','1',NULL,NULL,2),('16-08-2017-002-2',3,2,'2017-08-16','2017-08-10 17:30:30','1',NULL,NULL,2),('16-08-2017-003-1',4,1,'2017-08-16','2017-08-10 12:06:05','1',NULL,NULL,3),('16-08-2017-003-2',5,2,'2017-08-16','2017-08-10 17:30:30','1',NULL,NULL,3),('16-08-2017-004-1',5,1,'2017-08-16','2017-08-10 12:06:05','1',NULL,NULL,4),('16-08-2017-004-2',9,2,'2017-08-16','2017-08-10 17:30:30','1',NULL,NULL,4),('16-08-2017-005-1',6,1,'2017-08-16','2017-08-10 12:06:05','1',NULL,NULL,5),('16-08-2017-005-2',16,2,'2017-08-16','2017-08-10 17:30:30','1',NULL,NULL,5),('16-08-2017-006-1',7,1,'2017-08-16','2017-08-10 12:06:05','1',NULL,NULL,6),('16-08-2017-006-2',13,2,'2017-08-16','2017-08-10 17:30:30','1',NULL,NULL,6),('16-08-2017-007-1',9,1,'2017-08-16','2017-08-10 12:06:05','1',NULL,NULL,7),('16-08-2017-007-2',14,2,'2017-08-16','2017-08-10 17:30:30','1',NULL,NULL,7),('16-08-2017-008-1',10,1,'2017-08-16','2017-08-10 12:06:05','1',NULL,NULL,8),('16-08-2017-008-2',10,2,'2017-08-16','2017-08-10 17:30:30','1',NULL,NULL,8),('16-08-2017-009-1',11,1,'2017-08-16','2017-08-10 12:06:05','1',NULL,NULL,9),('16-08-2017-009-2',11,2,'2017-08-16','2017-08-10 17:30:30','1',NULL,NULL,9),('16-08-2017-010-1',12,1,'2017-08-16','2017-08-10 12:06:05','1',NULL,NULL,10),('16-08-2017-010-2',15,2,'2017-08-16','2017-08-10 17:30:30','1',NULL,NULL,10),('16-08-2017-011-1',13,1,'2017-08-16','2017-08-10 12:06:06','1',NULL,NULL,11),('16-08-2017-011-2',16,2,'2017-08-16','2017-08-10 17:30:30','1',NULL,NULL,11),('16-08-2017-012-1',14,1,'2017-08-16','2017-08-10 12:06:06','1',NULL,NULL,12),('16-08-2017-012-2',6,2,'2017-08-16','2017-08-10 17:30:30','1',NULL,NULL,12),('17-08-2017-001-1',2,1,'2017-08-17','2017-08-10 12:06:05','1',NULL,NULL,1),('17-08-2017-001-2',2,2,'2017-08-17','2017-08-10 17:30:30','1',NULL,NULL,1),('17-08-2017-002-1',3,1,'2017-08-17','2017-08-10 12:06:05','1',NULL,NULL,2),('17-08-2017-002-2',3,2,'2017-08-17','2017-08-10 17:30:30','1',NULL,NULL,2),('17-08-2017-003-1',4,1,'2017-08-17','2017-08-10 12:06:05','1',NULL,NULL,3),('17-08-2017-003-2',5,2,'2017-08-17','2017-08-10 17:30:30','1',NULL,NULL,3),('17-08-2017-004-1',5,1,'2017-08-17','2017-08-10 12:06:05','1',NULL,NULL,4),('17-08-2017-004-2',9,2,'2017-08-17','2017-08-10 17:30:30','1',NULL,NULL,4),('17-08-2017-005-1',6,1,'2017-08-17','2017-08-10 12:06:05','1',NULL,NULL,5),('17-08-2017-005-2',16,2,'2017-08-17','2017-08-10 17:30:30','1',NULL,NULL,5),('17-08-2017-006-1',7,1,'2017-08-17','2017-08-10 12:06:05','1',NULL,NULL,6),('17-08-2017-006-2',13,2,'2017-08-17','2017-08-10 17:30:30','1',NULL,NULL,6),('17-08-2017-007-1',9,1,'2017-08-17','2017-08-10 12:06:05','1',NULL,NULL,7),('17-08-2017-007-2',14,2,'2017-08-17','2017-08-10 17:30:30','1',NULL,NULL,7),('17-08-2017-008-1',10,1,'2017-08-17','2017-08-10 12:06:05','1',NULL,NULL,8),('17-08-2017-008-2',10,2,'2017-08-17','2017-08-10 17:30:30','1',NULL,NULL,8),('17-08-2017-009-1',11,1,'2017-08-17','2017-08-10 12:06:05','1',NULL,NULL,9),('17-08-2017-009-2',11,2,'2017-08-17','2017-08-10 17:30:30','1',NULL,NULL,9),('17-08-2017-010-1',12,1,'2017-08-17','2017-08-10 12:06:05','1',NULL,NULL,10),('17-08-2017-010-2',15,2,'2017-08-17','2017-08-10 17:30:30','1',NULL,NULL,10),('17-08-2017-011-1',13,1,'2017-08-17','2017-08-10 12:06:06','1',NULL,NULL,11),('17-08-2017-011-2',16,2,'2017-08-17','2017-08-10 17:30:30','1',NULL,NULL,11),('17-08-2017-012-1',14,1,'2017-08-17','2017-08-10 12:06:06','1',NULL,NULL,12),('17-08-2017-012-2',6,2,'2017-08-17','2017-08-10 17:30:30','1',NULL,NULL,12),('18-08-2017-001-1',2,1,'2017-08-18','2017-08-10 12:06:05','1',NULL,NULL,1),('18-08-2017-001-2',2,2,'2017-08-18','2017-08-10 17:30:30','1',NULL,NULL,1),('18-08-2017-002-1',3,1,'2017-08-18','2017-08-10 12:06:05','1',NULL,NULL,2),('18-08-2017-002-2',3,2,'2017-08-18','2017-08-10 17:30:30','1',NULL,NULL,2),('18-08-2017-003-1',4,1,'2017-08-18','2017-08-10 12:06:05','1',NULL,NULL,3),('18-08-2017-003-2',5,2,'2017-08-18','2017-08-10 17:30:30','1',NULL,NULL,3),('18-08-2017-004-1',5,1,'2017-08-18','2017-08-10 12:06:05','1',NULL,NULL,4),('18-08-2017-004-2',9,2,'2017-08-18','2017-08-10 17:30:30','1',NULL,NULL,4),('18-08-2017-005-1',6,1,'2017-08-18','2017-08-10 12:06:05','1',NULL,NULL,5),('18-08-2017-005-2',16,2,'2017-08-18','2017-08-10 17:30:30','1',NULL,NULL,5),('18-08-2017-006-1',7,1,'2017-08-18','2017-08-10 12:06:05','1',NULL,NULL,6),('18-08-2017-006-2',13,2,'2017-08-18','2017-08-10 17:30:30','1',NULL,NULL,6),('18-08-2017-007-1',9,1,'2017-08-18','2017-08-10 12:06:05','1',NULL,NULL,7),('18-08-2017-007-2',14,2,'2017-08-18','2017-08-10 17:30:30','1',NULL,NULL,7),('18-08-2017-008-1',10,1,'2017-08-18','2017-08-10 12:06:05','1',NULL,NULL,8),('18-08-2017-008-2',10,2,'2017-08-18','2017-08-10 17:30:30','1',NULL,NULL,8),('18-08-2017-009-1',11,1,'2017-08-18','2017-08-10 12:06:05','1',NULL,NULL,9),('18-08-2017-009-2',11,2,'2017-08-18','2017-08-10 17:30:30','1',NULL,NULL,9),('18-08-2017-010-1',12,1,'2017-08-18','2017-08-10 12:06:05','1',NULL,NULL,10),('18-08-2017-010-2',15,2,'2017-08-18','2017-08-10 17:30:30','1',NULL,NULL,10),('18-08-2017-011-1',13,1,'2017-08-18','2017-08-10 12:06:06','1',NULL,NULL,11),('18-08-2017-011-2',16,2,'2017-08-18','2017-08-10 17:30:30','1',NULL,NULL,11),('18-08-2017-012-1',14,1,'2017-08-18','2017-08-10 12:06:06','1',NULL,NULL,12),('18-08-2017-012-2',6,2,'2017-08-18','2017-08-10 17:30:30','1',NULL,NULL,12),('19-08-2017-001-1',2,1,'2017-08-19','2017-08-10 12:06:05','1',NULL,NULL,1),('19-08-2017-001-2',2,2,'2017-08-19','2017-08-10 17:30:30','1',NULL,NULL,1),('19-08-2017-002-1',3,1,'2017-08-19','2017-08-10 12:06:05','1',NULL,NULL,2),('19-08-2017-002-2',3,2,'2017-08-19','2017-08-10 17:30:30','1',NULL,NULL,2),('19-08-2017-003-1',4,1,'2017-08-19','2017-08-10 12:06:05','1',NULL,NULL,3),('19-08-2017-003-2',5,2,'2017-08-19','2017-08-10 17:30:30','1',NULL,NULL,3),('19-08-2017-004-1',5,1,'2017-08-19','2017-08-10 12:06:05','1',NULL,NULL,4),('19-08-2017-004-2',9,2,'2017-08-19','2017-08-10 17:30:30','1',NULL,NULL,4),('19-08-2017-005-1',6,1,'2017-08-19','2017-08-10 12:06:05','1',NULL,NULL,5),('19-08-2017-005-2',16,2,'2017-08-19','2017-08-10 17:30:30','1',NULL,NULL,5),('19-08-2017-006-1',7,1,'2017-08-19','2017-08-10 12:06:05','1',NULL,NULL,6),('19-08-2017-006-2',13,2,'2017-08-19','2017-08-10 17:30:30','1',NULL,NULL,6),('19-08-2017-007-1',9,1,'2017-08-19','2017-08-10 12:06:05','1',NULL,NULL,7),('19-08-2017-007-2',14,2,'2017-08-19','2017-08-10 17:30:30','1',NULL,NULL,7),('19-08-2017-008-1',10,1,'2017-08-19','2017-08-10 12:06:05','1',NULL,NULL,8),('19-08-2017-008-2',10,2,'2017-08-19','2017-08-10 17:30:30','1',NULL,NULL,8),('19-08-2017-009-1',11,1,'2017-08-19','2017-08-10 12:06:05','1',NULL,NULL,9),('19-08-2017-009-2',11,2,'2017-08-19','2017-08-10 17:30:30','1',NULL,NULL,9),('19-08-2017-010-1',12,1,'2017-08-19','2017-08-10 12:06:05','1',NULL,NULL,10),('19-08-2017-010-2',15,2,'2017-08-19','2017-08-10 17:30:30','1',NULL,NULL,10),('19-08-2017-011-1',13,1,'2017-08-19','2017-08-10 12:06:06','1',NULL,NULL,11),('19-08-2017-011-2',16,2,'2017-08-19','2017-08-10 17:30:30','1',NULL,NULL,11),('19-08-2017-012-1',14,1,'2017-08-19','2017-08-10 12:06:06','1',NULL,NULL,12),('19-08-2017-012-2',6,2,'2017-08-19','2017-08-10 17:30:30','1',NULL,NULL,12),('20-08-2017-001-1',2,1,'2017-08-20','2017-08-10 12:06:05','1',NULL,NULL,1),('20-08-2017-001-2',2,2,'2017-08-20','2017-08-10 17:30:30','1',NULL,NULL,1),('20-08-2017-002-1',3,1,'2017-08-20','2017-08-10 12:06:05','1',NULL,NULL,2),('20-08-2017-002-2',3,2,'2017-08-20','2017-08-10 17:30:30','1',NULL,NULL,2),('20-08-2017-003-1',4,1,'2017-08-20','2017-08-10 12:06:05','1',NULL,NULL,3),('20-08-2017-003-2',5,2,'2017-08-20','2017-08-10 17:30:30','1',NULL,NULL,3),('20-08-2017-004-1',5,1,'2017-08-20','2017-08-10 12:06:05','1',NULL,NULL,4),('20-08-2017-004-2',9,2,'2017-08-20','2017-08-10 17:30:30','1',NULL,NULL,4),('20-08-2017-005-1',6,1,'2017-08-20','2017-08-10 12:06:05','1',NULL,NULL,5),('20-08-2017-005-2',16,2,'2017-08-20','2017-08-10 17:30:30','1',NULL,NULL,5),('20-08-2017-006-1',7,1,'2017-08-20','2017-08-10 12:06:05','1',NULL,NULL,6),('20-08-2017-006-2',13,2,'2017-08-20','2017-08-10 17:30:30','1',NULL,NULL,6),('20-08-2017-007-1',9,1,'2017-08-20','2017-08-10 12:06:05','1',NULL,NULL,7),('20-08-2017-007-2',14,2,'2017-08-20','2017-08-10 17:30:30','1',NULL,NULL,7),('20-08-2017-008-1',10,1,'2017-08-20','2017-08-10 12:06:05','1',NULL,NULL,8),('20-08-2017-008-2',10,2,'2017-08-20','2017-08-10 17:30:30','1',NULL,NULL,8),('20-08-2017-009-1',11,1,'2017-08-20','2017-08-10 12:06:05','1',NULL,NULL,9),('20-08-2017-009-2',11,2,'2017-08-20','2017-08-10 17:30:30','1',NULL,NULL,9),('20-08-2017-010-1',12,1,'2017-08-20','2017-08-10 12:06:05','1',NULL,NULL,10),('20-08-2017-010-2',15,2,'2017-08-20','2017-08-10 17:30:30','1',NULL,NULL,10),('20-08-2017-011-1',13,1,'2017-08-20','2017-08-10 12:06:06','1',NULL,NULL,11),('20-08-2017-011-2',16,2,'2017-08-20','2017-08-10 17:30:30','1',NULL,NULL,11),('20-08-2017-012-1',14,1,'2017-08-20','2017-08-10 12:06:06','1',NULL,NULL,12),('20-08-2017-012-2',6,2,'2017-08-20','2017-08-10 17:30:30','1',NULL,NULL,12),('21-08-2017-001-1',2,1,'2017-08-21','2017-08-10 12:06:05','1',NULL,NULL,1),('21-08-2017-001-2',2,2,'2017-08-21','2017-08-10 17:30:30','1',NULL,NULL,1),('21-08-2017-002-1',3,1,'2017-08-21','2017-08-10 12:06:05','1',NULL,NULL,2),('21-08-2017-002-2',3,2,'2017-08-21','2017-08-10 17:30:30','1',NULL,NULL,2),('21-08-2017-003-1',4,1,'2017-08-21','2017-08-10 12:06:05','1',NULL,NULL,3),('21-08-2017-003-2',5,2,'2017-08-21','2017-08-10 17:30:30','1',NULL,NULL,3),('21-08-2017-004-1',5,1,'2017-08-21','2017-08-10 12:06:05','1',NULL,NULL,4),('21-08-2017-004-2',9,2,'2017-08-21','2017-08-10 17:30:30','1',NULL,NULL,4),('21-08-2017-005-1',6,1,'2017-08-21','2017-08-10 12:06:05','1',NULL,NULL,5),('21-08-2017-005-2',16,2,'2017-08-21','2017-08-10 17:30:30','1',NULL,NULL,5),('21-08-2017-006-1',7,1,'2017-08-21','2017-08-10 12:06:05','1',NULL,NULL,6),('21-08-2017-006-2',13,2,'2017-08-21','2017-08-10 17:30:30','1',NULL,NULL,6),('21-08-2017-007-1',9,1,'2017-08-21','2017-08-10 12:06:05','1',NULL,NULL,7),('21-08-2017-007-2',14,2,'2017-08-21','2017-08-10 17:30:30','1',NULL,NULL,7),('21-08-2017-008-1',10,1,'2017-08-21','2017-08-10 12:06:05','1',NULL,NULL,8),('21-08-2017-008-2',10,2,'2017-08-21','2017-08-10 17:30:30','1',NULL,NULL,8),('21-08-2017-009-1',11,1,'2017-08-21','2017-08-10 12:06:05','1',NULL,NULL,9),('21-08-2017-009-2',11,2,'2017-08-21','2017-08-10 17:30:30','1',NULL,NULL,9),('21-08-2017-010-1',12,1,'2017-08-21','2017-08-10 12:06:05','1',NULL,NULL,10),('21-08-2017-010-2',15,2,'2017-08-21','2017-08-10 17:30:30','1',NULL,NULL,10),('21-08-2017-011-1',13,1,'2017-08-21','2017-08-10 12:06:06','1',NULL,NULL,11),('21-08-2017-011-2',16,2,'2017-08-21','2017-08-10 17:30:30','1',NULL,NULL,11),('21-08-2017-012-1',14,1,'2017-08-21','2017-08-10 12:06:06','1',NULL,NULL,12),('21-08-2017-012-2',6,2,'2017-08-21','2017-08-10 17:30:30','1',NULL,NULL,12),('22-08-2017-001-1',2,1,'2017-08-22','2017-08-10 12:06:05','1',NULL,NULL,1),('22-08-2017-001-2',2,2,'2017-08-22','2017-08-10 17:30:30','1',NULL,NULL,1),('22-08-2017-002-1',3,1,'2017-08-22','2017-08-10 12:06:05','1',NULL,NULL,2),('22-08-2017-002-2',3,2,'2017-08-22','2017-08-10 17:30:30','1',NULL,NULL,2),('22-08-2017-003-1',4,1,'2017-08-22','2017-08-10 12:06:05','1',NULL,NULL,3),('22-08-2017-003-2',5,2,'2017-08-22','2017-08-10 17:30:30','1',NULL,NULL,3),('22-08-2017-004-1',5,1,'2017-08-22','2017-08-10 12:06:05','1',NULL,NULL,4),('22-08-2017-004-2',9,2,'2017-08-22','2017-08-10 17:30:30','1',NULL,NULL,4),('22-08-2017-005-1',6,1,'2017-08-22','2017-08-10 12:06:05','1',NULL,NULL,5),('22-08-2017-005-2',16,2,'2017-08-22','2017-08-10 17:30:30','1',NULL,NULL,5),('22-08-2017-006-1',7,1,'2017-08-22','2017-08-10 12:06:05','1',NULL,NULL,6),('22-08-2017-006-2',13,2,'2017-08-22','2017-08-10 17:30:30','1',NULL,NULL,6),('22-08-2017-007-1',9,1,'2017-08-22','2017-08-10 12:06:05','1',NULL,NULL,7),('22-08-2017-007-2',14,2,'2017-08-22','2017-08-10 17:30:30','1',NULL,NULL,7),('22-08-2017-008-1',10,1,'2017-08-22','2017-08-10 12:06:05','1',NULL,NULL,8),('22-08-2017-008-2',10,2,'2017-08-22','2017-08-10 17:30:30','1',NULL,NULL,8),('22-08-2017-009-1',11,1,'2017-08-22','2017-08-10 12:06:05','1',NULL,NULL,9),('22-08-2017-009-2',11,2,'2017-08-22','2017-08-10 17:30:30','1',NULL,NULL,9),('22-08-2017-010-1',12,1,'2017-08-22','2017-08-10 12:06:06','1',NULL,NULL,10),('22-08-2017-010-2',15,2,'2017-08-22','2017-08-10 17:30:30','1',NULL,NULL,10),('22-08-2017-011-1',13,1,'2017-08-22','2017-08-10 12:06:06','1',NULL,NULL,11),('22-08-2017-011-2',16,2,'2017-08-22','2017-08-10 17:30:30','1',NULL,NULL,11),('22-08-2017-012-1',14,1,'2017-08-22','2017-08-10 12:06:06','1',NULL,NULL,12),('22-08-2017-012-2',6,2,'2017-08-22','2017-08-10 17:30:30','1',NULL,NULL,12),('23-08-2017-001-1',2,1,'2017-08-23','2017-08-10 12:06:05','1',NULL,NULL,1),('23-08-2017-001-2',2,2,'2017-08-23','2017-08-10 17:30:30','1',NULL,NULL,1),('23-08-2017-002-1',3,1,'2017-08-23','2017-08-10 12:06:05','1',NULL,NULL,2),('23-08-2017-002-2',3,2,'2017-08-23','2017-08-10 17:30:30','1',NULL,NULL,2),('23-08-2017-003-1',4,1,'2017-08-23','2017-08-10 12:06:05','1',NULL,NULL,3),('23-08-2017-003-2',5,2,'2017-08-23','2017-08-10 17:30:30','1',NULL,NULL,3),('23-08-2017-004-1',5,1,'2017-08-23','2017-08-10 12:06:05','1',NULL,NULL,4),('23-08-2017-004-2',9,2,'2017-08-23','2017-08-10 17:30:30','1',NULL,NULL,4),('23-08-2017-005-1',6,1,'2017-08-23','2017-08-10 12:06:05','1',NULL,NULL,5),('23-08-2017-005-2',16,2,'2017-08-23','2017-08-10 17:30:30','1',NULL,NULL,5),('23-08-2017-006-1',7,1,'2017-08-23','2017-08-10 12:06:05','1',NULL,NULL,6),('23-08-2017-006-2',13,2,'2017-08-23','2017-08-10 17:30:30','1',NULL,NULL,6),('23-08-2017-007-1',9,1,'2017-08-23','2017-08-10 12:06:05','1',NULL,NULL,7),('23-08-2017-007-2',14,2,'2017-08-23','2017-08-10 17:30:30','1',NULL,NULL,7),('23-08-2017-008-1',10,1,'2017-08-23','2017-08-10 12:06:05','1',NULL,NULL,8),('23-08-2017-008-2',10,2,'2017-08-23','2017-08-10 17:30:30','1',NULL,NULL,8),('23-08-2017-009-1',11,1,'2017-08-23','2017-08-10 12:06:05','1',NULL,NULL,9),('23-08-2017-009-2',11,2,'2017-08-23','2017-08-10 17:30:30','1',NULL,NULL,9),('23-08-2017-010-1',12,1,'2017-08-23','2017-08-10 12:06:06','1',NULL,NULL,10),('23-08-2017-010-2',15,2,'2017-08-23','2017-08-10 17:30:30','1',NULL,NULL,10),('23-08-2017-011-1',13,1,'2017-08-23','2017-08-10 12:06:06','1',NULL,NULL,11),('23-08-2017-011-2',16,2,'2017-08-23','2017-08-10 17:30:30','1',NULL,NULL,11),('23-08-2017-012-1',14,1,'2017-08-23','2017-08-10 12:06:06','1',NULL,NULL,12),('23-08-2017-012-2',6,2,'2017-08-23','2017-08-10 17:30:30','1',NULL,NULL,12),('24-08-2017-001-1',2,1,'2017-08-24','2017-08-10 12:06:05','1',NULL,NULL,1),('24-08-2017-001-2',2,2,'2017-08-24','2017-08-10 17:30:30','1',NULL,NULL,1),('24-08-2017-002-1',3,1,'2017-08-24','2017-08-10 12:06:05','1',NULL,NULL,2),('24-08-2017-002-2',3,2,'2017-08-24','2017-08-10 17:30:30','1',NULL,NULL,2),('24-08-2017-003-1',4,1,'2017-08-24','2017-08-10 12:06:05','1',NULL,NULL,3),('24-08-2017-003-2',5,2,'2017-08-24','2017-08-10 17:30:30','1',NULL,NULL,3),('24-08-2017-004-1',5,1,'2017-08-24','2017-08-10 12:06:05','1',NULL,NULL,4),('24-08-2017-004-2',9,2,'2017-08-24','2017-08-10 17:30:30','1',NULL,NULL,4),('24-08-2017-005-1',6,1,'2017-08-24','2017-08-10 12:06:05','1',NULL,NULL,5),('24-08-2017-005-2',16,2,'2017-08-24','2017-08-10 17:30:30','1',NULL,NULL,5),('24-08-2017-006-1',7,1,'2017-08-24','2017-08-10 12:06:05','1',NULL,NULL,6),('24-08-2017-006-2',13,2,'2017-08-24','2017-08-10 17:30:30','1',NULL,NULL,6),('24-08-2017-007-1',9,1,'2017-08-24','2017-08-10 12:06:05','1',NULL,NULL,7),('24-08-2017-007-2',14,2,'2017-08-24','2017-08-10 17:30:30','1',NULL,NULL,7),('24-08-2017-008-1',10,1,'2017-08-24','2017-08-10 12:06:05','1',NULL,NULL,8),('24-08-2017-008-2',10,2,'2017-08-24','2017-08-10 17:30:30','1',NULL,NULL,8),('24-08-2017-009-1',11,1,'2017-08-24','2017-08-10 12:06:05','1',NULL,NULL,9),('24-08-2017-009-2',11,2,'2017-08-24','2017-08-10 17:30:30','1',NULL,NULL,9),('24-08-2017-010-1',12,1,'2017-08-24','2017-08-10 12:06:06','1',NULL,NULL,10),('24-08-2017-010-2',15,2,'2017-08-24','2017-08-10 17:30:30','1',NULL,NULL,10),('24-08-2017-011-1',13,1,'2017-08-24','2017-08-10 12:06:06','1',NULL,NULL,11),('24-08-2017-011-2',16,2,'2017-08-24','2017-08-10 17:30:30','1',NULL,NULL,11),('24-08-2017-012-1',14,1,'2017-08-24','2017-08-10 12:06:06','1',NULL,NULL,12),('24-08-2017-012-2',6,2,'2017-08-24','2017-08-10 17:30:30','1',NULL,NULL,12),('25-08-2017-001-1',2,1,'2017-08-25','2017-08-10 12:06:05','1',NULL,NULL,1),('25-08-2017-001-2',2,2,'2017-08-25','2017-08-10 17:30:30','1',NULL,NULL,1),('25-08-2017-002-1',3,1,'2017-08-25','2017-08-10 12:06:05','1',NULL,NULL,2),('25-08-2017-002-2',3,2,'2017-08-25','2017-08-10 17:30:30','1',NULL,NULL,2),('25-08-2017-003-1',4,1,'2017-08-25','2017-08-10 12:06:05','1',NULL,NULL,3),('25-08-2017-003-2',5,2,'2017-08-25','2017-08-10 17:30:30','1',NULL,NULL,3),('25-08-2017-004-1',5,1,'2017-08-25','2017-08-10 12:06:05','1',NULL,NULL,4),('25-08-2017-004-2',9,2,'2017-08-25','2017-08-10 17:30:30','1',NULL,NULL,4),('25-08-2017-005-1',6,1,'2017-08-25','2017-08-10 12:06:05','1',NULL,NULL,5),('25-08-2017-005-2',16,2,'2017-08-25','2017-08-10 17:30:30','1',NULL,NULL,5),('25-08-2017-006-1',7,1,'2017-08-25','2017-08-10 12:06:05','1',NULL,NULL,6),('25-08-2017-006-2',13,2,'2017-08-25','2017-08-10 17:30:30','1',NULL,NULL,6),('25-08-2017-007-1',9,1,'2017-08-25','2017-08-10 12:06:05','1',NULL,NULL,7),('25-08-2017-007-2',14,2,'2017-08-25','2017-08-10 17:30:30','1',NULL,NULL,7),('25-08-2017-008-1',10,1,'2017-08-25','2017-08-10 12:06:05','1',NULL,NULL,8),('25-08-2017-008-2',10,2,'2017-08-25','2017-08-10 17:30:30','1',NULL,NULL,8),('25-08-2017-009-1',11,1,'2017-08-25','2017-08-10 12:06:05','1',NULL,NULL,9),('25-08-2017-009-2',11,2,'2017-08-25','2017-08-10 17:30:30','1',NULL,NULL,9),('25-08-2017-010-1',12,1,'2017-08-25','2017-08-10 12:06:06','1',NULL,NULL,10),('25-08-2017-010-2',15,2,'2017-08-25','2017-08-10 17:30:30','1',NULL,NULL,10),('25-08-2017-011-1',13,1,'2017-08-25','2017-08-10 12:06:06','1',NULL,NULL,11),('25-08-2017-011-2',16,2,'2017-08-25','2017-08-10 17:30:30','1',NULL,NULL,11),('25-08-2017-012-1',14,1,'2017-08-25','2017-08-10 12:06:06','1',NULL,NULL,12),('25-08-2017-012-2',6,2,'2017-08-25','2017-08-10 17:30:30','1',NULL,NULL,12),('26-08-2017-001-1',2,1,'2017-08-26','2017-08-10 12:06:05','1',NULL,NULL,1),('26-08-2017-001-2',2,2,'2017-08-26','2017-08-10 17:30:30','1',NULL,NULL,1),('26-08-2017-002-1',3,1,'2017-08-26','2017-08-10 12:06:05','1',NULL,NULL,2),('26-08-2017-002-2',3,2,'2017-08-26','2017-08-10 17:30:30','1',NULL,NULL,2),('26-08-2017-003-1',4,1,'2017-08-26','2017-08-10 12:06:05','1',NULL,NULL,3),('26-08-2017-003-2',5,2,'2017-08-26','2017-08-10 17:30:30','1',NULL,NULL,3),('26-08-2017-004-1',5,1,'2017-08-26','2017-08-10 12:06:05','1',NULL,NULL,4),('26-08-2017-004-2',9,2,'2017-08-26','2017-08-10 17:30:30','1',NULL,NULL,4),('26-08-2017-005-1',6,1,'2017-08-26','2017-08-10 12:06:05','1',NULL,NULL,5),('26-08-2017-005-2',16,2,'2017-08-26','2017-08-10 17:30:30','1',NULL,NULL,5),('26-08-2017-006-1',7,1,'2017-08-26','2017-08-10 12:06:05','1',NULL,NULL,6),('26-08-2017-006-2',13,2,'2017-08-26','2017-08-10 17:30:30','1',NULL,NULL,6),('26-08-2017-007-1',9,1,'2017-08-26','2017-08-10 12:06:05','1',NULL,NULL,7),('26-08-2017-007-2',14,2,'2017-08-26','2017-08-10 17:30:30','1',NULL,NULL,7),('26-08-2017-008-1',10,1,'2017-08-26','2017-08-10 12:06:05','1',NULL,NULL,8),('26-08-2017-008-2',10,2,'2017-08-26','2017-08-10 17:30:30','1',NULL,NULL,8),('26-08-2017-009-1',11,1,'2017-08-26','2017-08-10 12:06:05','1',NULL,NULL,9),('26-08-2017-009-2',11,2,'2017-08-26','2017-08-10 17:30:30','1',NULL,NULL,9),('26-08-2017-010-1',12,1,'2017-08-26','2017-08-10 12:06:06','1',NULL,NULL,10),('26-08-2017-010-2',15,2,'2017-08-26','2017-08-10 17:30:30','1',NULL,NULL,10),('26-08-2017-011-1',13,1,'2017-08-26','2017-08-10 12:06:06','1',NULL,NULL,11),('26-08-2017-011-2',16,2,'2017-08-26','2017-08-10 17:30:30','1',NULL,NULL,11),('26-08-2017-012-1',14,1,'2017-08-26','2017-08-10 12:06:06','1',NULL,NULL,12),('26-08-2017-012-2',6,2,'2017-08-26','2017-08-10 17:30:30','1',NULL,NULL,12),('27-08-2017-001-1',2,1,'2017-08-27','2017-08-10 12:06:05','1',NULL,NULL,1),('27-08-2017-001-2',2,2,'2017-08-27','2017-08-10 17:30:30','1',NULL,NULL,1),('27-08-2017-002-1',3,1,'2017-08-27','2017-08-10 12:06:05','1',NULL,NULL,2),('27-08-2017-002-2',3,2,'2017-08-27','2017-08-10 17:30:30','1',NULL,NULL,2),('27-08-2017-003-1',4,1,'2017-08-27','2017-08-10 12:06:05','1',NULL,NULL,3),('27-08-2017-003-2',5,2,'2017-08-27','2017-08-10 17:30:30','1',NULL,NULL,3),('27-08-2017-004-1',5,1,'2017-08-27','2017-08-10 12:06:05','1',NULL,NULL,4),('27-08-2017-004-2',9,2,'2017-08-27','2017-08-10 17:30:30','1',NULL,NULL,4),('27-08-2017-005-1',6,1,'2017-08-27','2017-08-10 12:06:05','1',NULL,NULL,5),('27-08-2017-005-2',16,2,'2017-08-27','2017-08-10 17:30:30','1',NULL,NULL,5),('27-08-2017-006-1',7,1,'2017-08-27','2017-08-10 12:06:05','1',NULL,NULL,6),('27-08-2017-006-2',13,2,'2017-08-27','2017-08-10 17:30:30','1',NULL,NULL,6),('27-08-2017-007-1',9,1,'2017-08-27','2017-08-10 12:06:05','1',NULL,NULL,7),('27-08-2017-007-2',14,2,'2017-08-27','2017-08-10 17:30:30','1',NULL,NULL,7),('27-08-2017-008-1',10,1,'2017-08-27','2017-08-10 12:06:05','1',NULL,NULL,8),('27-08-2017-008-2',10,2,'2017-08-27','2017-08-10 17:30:30','1',NULL,NULL,8),('27-08-2017-009-1',11,1,'2017-08-27','2017-08-10 12:06:05','1',NULL,NULL,9),('27-08-2017-009-2',11,2,'2017-08-27','2017-08-10 17:30:30','1',NULL,NULL,9),('27-08-2017-010-1',12,1,'2017-08-27','2017-08-10 12:06:06','1',NULL,NULL,10),('27-08-2017-010-2',15,2,'2017-08-27','2017-08-10 17:30:30','1',NULL,NULL,10),('27-08-2017-011-1',13,1,'2017-08-27','2017-08-10 12:06:06','1',NULL,NULL,11),('27-08-2017-011-2',16,2,'2017-08-27','2017-08-10 17:30:30','1',NULL,NULL,11),('27-08-2017-012-1',14,1,'2017-08-27','2017-08-10 12:06:06','1',NULL,NULL,12),('27-08-2017-012-2',6,2,'2017-08-27','2017-08-10 17:30:30','1',NULL,NULL,12),('28-08-2017-001-1',2,1,'2017-08-28','2017-08-10 12:06:05','1',NULL,NULL,1),('28-08-2017-001-2',2,2,'2017-08-28','2017-08-10 17:30:30','1',NULL,NULL,1),('28-08-2017-002-1',3,1,'2017-08-28','2017-08-10 12:06:05','1',NULL,NULL,2),('28-08-2017-002-2',3,2,'2017-08-28','2017-08-10 17:30:30','1',NULL,NULL,2),('28-08-2017-003-1',4,1,'2017-08-28','2017-08-10 12:06:05','1',NULL,NULL,3),('28-08-2017-003-2',5,2,'2017-08-28','2017-08-10 17:30:30','1',NULL,NULL,3),('28-08-2017-004-1',5,1,'2017-08-28','2017-08-10 12:06:05','1',NULL,NULL,4),('28-08-2017-004-2',9,2,'2017-08-28','2017-08-10 17:30:30','1',NULL,NULL,4),('28-08-2017-005-1',6,1,'2017-08-28','2017-08-10 12:06:05','1',NULL,NULL,5),('28-08-2017-005-2',16,2,'2017-08-28','2017-08-10 17:30:30','1',NULL,NULL,5),('28-08-2017-006-1',7,1,'2017-08-28','2017-08-10 12:06:05','1',NULL,NULL,6),('28-08-2017-006-2',13,2,'2017-08-28','2017-08-10 17:30:30','1',NULL,NULL,6),('28-08-2017-007-1',9,1,'2017-08-28','2017-08-10 12:06:05','1',NULL,NULL,7),('28-08-2017-007-2',14,2,'2017-08-28','2017-08-10 17:30:30','1',NULL,NULL,7),('28-08-2017-008-1',10,1,'2017-08-28','2017-08-10 12:06:05','1',NULL,NULL,8),('28-08-2017-008-2',10,2,'2017-08-28','2017-08-10 17:30:30','1',NULL,NULL,8),('28-08-2017-009-1',11,1,'2017-08-28','2017-08-10 12:06:05','1',NULL,NULL,9),('28-08-2017-009-2',11,2,'2017-08-28','2017-08-10 17:30:30','1',NULL,NULL,9),('28-08-2017-010-1',12,1,'2017-08-28','2017-08-10 12:06:06','1',NULL,NULL,10),('28-08-2017-010-2',15,2,'2017-08-28','2017-08-10 17:30:30','1',NULL,NULL,10),('28-08-2017-011-1',13,1,'2017-08-28','2017-08-10 12:06:06','1',NULL,NULL,11),('28-08-2017-011-2',16,2,'2017-08-28','2017-08-10 17:30:30','1',NULL,NULL,11),('28-08-2017-012-1',14,1,'2017-08-28','2017-08-10 12:06:06','1',NULL,NULL,12),('28-08-2017-012-2',6,2,'2017-08-28','2017-08-10 17:30:30','1',NULL,NULL,12),('29-08-2017-001-1',2,1,'2017-08-29','2017-08-10 12:06:05','1',NULL,NULL,1),('29-08-2017-001-2',2,2,'2017-08-29','2017-08-10 17:30:30','1',NULL,NULL,1),('29-08-2017-002-1',3,1,'2017-08-29','2017-08-10 12:06:05','1',NULL,NULL,2),('29-08-2017-002-2',3,2,'2017-08-29','2017-08-10 17:30:30','1',NULL,NULL,2),('29-08-2017-003-1',4,1,'2017-08-29','2017-08-10 12:06:05','1',NULL,NULL,3),('29-08-2017-003-2',5,2,'2017-08-29','2017-08-10 17:30:30','1',NULL,NULL,3),('29-08-2017-004-1',5,1,'2017-08-29','2017-08-10 12:06:05','1',NULL,NULL,4),('29-08-2017-004-2',9,2,'2017-08-29','2017-08-10 17:30:30','1',NULL,NULL,4),('29-08-2017-005-1',6,1,'2017-08-29','2017-08-10 12:06:05','1',NULL,NULL,5),('29-08-2017-005-2',16,2,'2017-08-29','2017-08-10 17:30:30','1',NULL,NULL,5),('29-08-2017-006-1',7,1,'2017-08-29','2017-08-10 12:06:05','1',NULL,NULL,6),('29-08-2017-006-2',13,2,'2017-08-29','2017-08-10 17:30:30','1',NULL,NULL,6),('29-08-2017-007-1',9,1,'2017-08-29','2017-08-10 12:06:05','1',NULL,NULL,7),('29-08-2017-007-2',14,2,'2017-08-29','2017-08-10 17:30:30','1',NULL,NULL,7),('29-08-2017-008-1',10,1,'2017-08-29','2017-08-10 12:06:05','1',NULL,NULL,8),('29-08-2017-008-2',10,2,'2017-08-29','2017-08-10 17:30:30','1',NULL,NULL,8),('29-08-2017-009-1',11,1,'2017-08-29','2017-08-10 12:06:05','1',NULL,NULL,9),('29-08-2017-009-2',11,2,'2017-08-29','2017-08-10 17:30:30','1',NULL,NULL,9),('29-08-2017-010-1',12,1,'2017-08-29','2017-08-10 12:06:06','1',NULL,NULL,10),('29-08-2017-010-2',15,2,'2017-08-29','2017-08-10 17:30:30','1',NULL,NULL,10),('29-08-2017-011-1',13,1,'2017-08-29','2017-08-10 12:06:06','1',NULL,NULL,11),('29-08-2017-011-2',16,2,'2017-08-29','2017-08-10 17:30:30','1',NULL,NULL,11),('29-08-2017-012-1',14,1,'2017-08-29','2017-08-10 12:06:06','1',NULL,NULL,12),('29-08-2017-012-2',6,2,'2017-08-29','2017-08-10 17:30:30','1',NULL,NULL,12),('30-08-2017-001-1',2,1,'2017-08-30','2017-08-10 12:06:05','1',NULL,NULL,1),('30-08-2017-001-2',2,2,'2017-08-30','2017-08-10 17:30:30','1',NULL,NULL,1),('30-08-2017-002-1',3,1,'2017-08-30','2017-08-10 12:06:05','1',NULL,NULL,2),('30-08-2017-002-2',3,2,'2017-08-30','2017-08-10 17:30:30','1',NULL,NULL,2),('30-08-2017-003-1',4,1,'2017-08-30','2017-08-10 12:06:05','1',NULL,NULL,3),('30-08-2017-003-2',5,2,'2017-08-30','2017-08-10 17:30:30','1',NULL,NULL,3),('30-08-2017-004-1',5,1,'2017-08-30','2017-08-10 12:06:05','1',NULL,NULL,4),('30-08-2017-004-2',9,2,'2017-08-30','2017-08-10 17:30:30','1',NULL,NULL,4),('30-08-2017-005-1',6,1,'2017-08-30','2017-08-10 12:06:05','1',NULL,NULL,5),('30-08-2017-005-2',16,2,'2017-08-30','2017-08-10 17:30:30','1',NULL,NULL,5),('30-08-2017-006-1',7,1,'2017-08-30','2017-08-10 12:06:05','1',NULL,NULL,6),('30-08-2017-006-2',13,2,'2017-08-30','2017-08-10 17:30:30','1',NULL,NULL,6),('30-08-2017-007-1',9,1,'2017-08-30','2017-08-10 12:06:05','1',NULL,NULL,7),('30-08-2017-007-2',14,2,'2017-08-30','2017-08-10 17:30:30','1',NULL,NULL,7),('30-08-2017-008-1',10,1,'2017-08-30','2017-08-10 12:06:05','1',NULL,NULL,8),('30-08-2017-008-2',10,2,'2017-08-30','2017-08-10 17:30:30','1',NULL,NULL,8),('30-08-2017-009-1',11,1,'2017-08-30','2017-08-10 12:06:05','1',NULL,NULL,9),('30-08-2017-009-2',11,2,'2017-08-30','2017-08-10 17:30:30','1',NULL,NULL,9),('30-08-2017-010-1',12,1,'2017-08-30','2017-08-10 12:06:06','1',NULL,NULL,10),('30-08-2017-010-2',15,2,'2017-08-30','2017-08-10 17:30:30','1',NULL,NULL,10),('30-08-2017-011-1',13,1,'2017-08-30','2017-08-10 12:06:06','1',NULL,NULL,11),('30-08-2017-011-2',16,2,'2017-08-30','2017-08-10 17:30:30','1',NULL,NULL,11),('30-08-2017-012-1',14,1,'2017-08-30','2017-08-10 12:06:06','1',NULL,NULL,12),('30-08-2017-012-2',6,2,'2017-08-30','2017-08-10 17:30:30','1',NULL,NULL,12),('31-08-2017-001-1',2,1,'2017-08-31','2017-08-10 12:06:05','1',NULL,NULL,1),('31-08-2017-001-2',2,2,'2017-08-31','2017-08-10 17:30:30','1',NULL,NULL,1),('31-08-2017-002-1',3,1,'2017-08-31','2017-08-10 12:06:05','1',NULL,NULL,2),('31-08-2017-002-2',3,2,'2017-08-31','2017-08-10 17:30:30','1',NULL,NULL,2),('31-08-2017-003-1',4,1,'2017-08-31','2017-08-10 12:06:05','1',NULL,NULL,3),('31-08-2017-003-2',5,2,'2017-08-31','2017-08-10 17:30:30','1',NULL,NULL,3),('31-08-2017-004-1',5,1,'2017-08-31','2017-08-10 12:06:05','1',NULL,NULL,4),('31-08-2017-004-2',9,2,'2017-08-31','2017-08-10 17:30:30','1',NULL,NULL,4),('31-08-2017-005-1',6,1,'2017-08-31','2017-08-10 12:06:05','1',NULL,NULL,5),('31-08-2017-005-2',16,2,'2017-08-31','2017-08-10 17:30:30','1',NULL,NULL,5),('31-08-2017-006-1',7,1,'2017-08-31','2017-08-10 12:06:05','1',NULL,NULL,6),('31-08-2017-006-2',13,2,'2017-08-31','2017-08-10 17:30:30','1',NULL,NULL,6),('31-08-2017-007-1',9,1,'2017-08-31','2017-08-10 12:06:05','1',NULL,NULL,7),('31-08-2017-007-2',14,2,'2017-08-31','2017-08-10 17:30:30','1',NULL,NULL,7),('31-08-2017-008-1',10,1,'2017-08-31','2017-08-10 12:06:05','1',NULL,NULL,8),('31-08-2017-008-2',10,2,'2017-08-31','2017-08-10 17:30:30','1',NULL,NULL,8),('31-08-2017-009-1',11,1,'2017-08-31','2017-08-10 12:06:05','1',NULL,NULL,9),('31-08-2017-009-2',11,2,'2017-08-31','2017-08-10 17:30:30','1',NULL,NULL,9),('31-08-2017-010-1',12,1,'2017-08-31','2017-08-10 12:06:06','1',NULL,NULL,10),('31-08-2017-010-2',15,2,'2017-08-31','2017-08-10 17:30:30','1',NULL,NULL,10),('31-08-2017-011-1',13,1,'2017-08-31','2017-08-10 12:06:06','1',NULL,NULL,11),('31-08-2017-011-2',16,2,'2017-08-31','2017-08-10 17:30:30','1',NULL,NULL,11),('31-08-2017-012-1',14,1,'2017-08-31','2017-08-10 12:06:06','1',NULL,NULL,12),('31-08-2017-012-2',6,2,'2017-08-31','2017-08-10 17:30:30','1',NULL,NULL,12);

/*Table structure for table `mp_turno` */

DROP TABLE IF EXISTS `mp_turno`;

CREATE TABLE `mp_turno` (
  `id_turno` int(11) NOT NULL AUTO_INCREMENT,
  `txt_turno` varchar(50) DEFAULT NULL,
  `hora_ingreso` time DEFAULT NULL,
  `hora_fin` time DEFAULT NULL,
  PRIMARY KEY (`id_turno`)
) ENGINE=InnoDB AUTO_INCREMENT=3 DEFAULT CHARSET=utf8;

/*Data for the table `mp_turno` */

insert  into `mp_turno`(`id_turno`,`txt_turno`,`hora_ingreso`,`hora_fin`) values (1,'MAANA','07:00:00','14:30:00'),(2,'TARDE','14:30:00','21:00:00');

/*Table structure for table `mpcalle` */

DROP TABLE IF EXISTS `mpcalle`;

CREATE TABLE `mpcalle` (
  `codvia` int(11) NOT NULL AUTO_INCREMENT,
  `tipoVia` varchar(10) DEFAULT NULL,
  `nombrevia` varchar(30) DEFAULT NULL,
  `tiempoparqueo` time DEFAULT NULL,
  `flgestado` varchar(1) DEFAULT NULL,
  PRIMARY KEY (`codvia`)
) ENGINE=InnoDB AUTO_INCREMENT=3 DEFAULT CHARSET=utf8;

/*Data for the table `mpcalle` */

insert  into `mpcalle`(`codvia`,`tipoVia`,`nombrevia`,`tiempoparqueo`,`flgestado`) values (1,'AV.','CONQUISTADORES','02:00:00','1'),(2,'CALLE','DASSO','03:00:00','1');

/*Table structure for table `mpestadovehiculo` */

DROP TABLE IF EXISTS `mpestadovehiculo`;

CREATE TABLE `mpestadovehiculo` (
  `idestado` int(5) NOT NULL AUTO_INCREMENT,
  `txtestado` varchar(35) DEFAULT NULL,
  PRIMARY KEY (`idestado`)
) ENGINE=InnoDB AUTO_INCREMENT=6 DEFAULT CHARSET=utf8;

/*Data for the table `mpestadovehiculo` */

insert  into `mpestadovehiculo`(`idestado`,`txtestado`) values (1,'ESTACIONADO'),(2,'CULMINADO A TIEMPO'),(3,'REMOLCADO'),(4,'ANULADO'),(5,'CULMINADO CON INFRACCION');

/*Table structure for table `mproles` */

DROP TABLE IF EXISTS `mproles`;

CREATE TABLE `mproles` (
  `idrol` int(5) NOT NULL AUTO_INCREMENT,
  `txtrol` varchar(30) DEFAULT NULL,
  PRIMARY KEY (`idrol`)
) ENGINE=InnoDB AUTO_INCREMENT=3 DEFAULT CHARSET=utf8;

/*Data for the table `mproles` */

insert  into `mproles`(`idrol`,`txtrol`) values (1,'ADMINISTRADOR'),(2,'PARQUEADOR');

/*Table structure for table `mpuser` */

DROP TABLE IF EXISTS `mpuser`;

CREATE TABLE `mpuser` (
  `iduser` int(5) NOT NULL AUTO_INCREMENT,
  `user_name` varchar(40) DEFAULT NULL,
  `user_ape_pat` varchar(40) DEFAULT NULL,
  `user_ape_mat` varchar(40) DEFAULT NULL,
  `email` varchar(50) DEFAULT NULL,
  `numcelular` int(9) DEFAULT NULL,
  `password` varchar(50) DEFAULT NULL,
  `fecreg` timestamp NOT NULL DEFAULT CURRENT_TIMESTAMP ON UPDATE CURRENT_TIMESTAMP,
  `idrol` int(5) DEFAULT NULL,
  PRIMARY KEY (`iduser`),
  KEY `idrol` (`idrol`),
  CONSTRAINT `mpuser_ibfk_1` FOREIGN KEY (`idrol`) REFERENCES `mproles` (`idrol`)
) ENGINE=InnoDB AUTO_INCREMENT=18 DEFAULT CHARSET=utf8;

/*Data for the table `mpuser` */

insert  into `mpuser`(`iduser`,`user_name`,`user_ape_pat`,`user_ape_mat`,`email`,`numcelular`,`password`,`fecreg`,`idrol`) values (1,'RONALD','CARHUARICRA','VIVAS','RCARHUARICRA',964727438,'123456','2017-08-10 10:59:33',1),(2,'MARIA','LLONTOP','GONZALES','MLLONTOP',321654987,'123456','2017-08-10 10:23:11',2),(3,'ANGEL MARIA','ARAUCO','PACHECO','AARAUCO',0,'123456','2017-08-10 10:23:18',2),(4,'PATTY','CHVEZ','SNCHEZ','PCHAVEZ',0,'123456','2017-08-10 10:25:10',2),(5,'KEYLA SOFIA','NEVADO','AMAYA','KNEVADO',0,'123456','2017-08-10 10:25:18',2),(6,'JHAN CARLO','ALVARADO','SANTAMARIA','JALVARADO',0,'123456','2017-08-10 10:25:22',2),(7,'JACKELINE','PEDROSO','MENDOZA','JPEDROSO',0,'123456','2017-08-10 10:25:26',2),(8,'JAQUELINE','SALAZAR','CARRILLO','JSALAZAR',0,'123456','2017-08-10 10:25:30',2),(9,'SANDRA VERONICA','ARVALO','VILLAREAL','AAREVALO',0,'123456','2017-08-10 10:25:37',2),(10,'MARIBEL','YUPANQUI','HUAMANI','MYUPANQUI',0,'123456','2017-08-10 10:25:42',2),(11,'ROSARIO PILAR','CRUCES','CAY','RCRUCES',0,'123456','2017-08-10 10:25:48',2),(12,'JORGE ANTERO','RODRGUEZ','FARIAS','JRODRIGUEZ',0,'123456','2017-08-10 10:26:40',2),(13,'NANCY','TORRES','BARRUETA','NTORRES',0,'123456','2017-08-10 10:26:47',2),(14,'CARMEN DEL R','COSIO','ROSAS','CCOSTO',0,'123456','2017-08-10 10:27:23',2),(15,'ROSARIO','SOTELO','RUIZ','RSOTELO',0,'123456','2017-08-10 10:27:42',2),(16,'KATHERINE LORENA','TAPIA','CARRASCO','KTAPIA',0,'123456','2017-08-10 10:27:43',2),(17,'HENRY','BARREDA',NULL,'HBARREDA',NULL,'123456','2017-08-10 16:48:18',1);

/*Table structure for table `mpvehiculo` */

DROP TABLE IF EXISTS `mpvehiculo`;

CREATE TABLE `mpvehiculo` (
  `idvehiculo` varchar(30) NOT NULL,
  `placa` varchar(8) DEFAULT NULL,
  `id_tareaje` varchar(25) DEFAULT NULL,
  `iduserreg` int(5) DEFAULT NULL,
  `horainicio` datetime DEFAULT NULL,
  `horafinal` datetime DEFAULT NULL,
  `idestado` int(5) DEFAULT '1',
  `observacion` varchar(200) DEFAULT NULL,
  `hora_salida_parqueo` datetime DEFAULT NULL,
  `lado` varchar(2) DEFAULT NULL,
  `casillero` int(2) DEFAULT NULL,
  `fecreg` datetime NOT NULL,
  PRIMARY KEY (`idvehiculo`),
  KEY `iduser` (`iduserreg`),
  KEY `FK_mpvehiculo` (`id_tareaje`),
  KEY `FK_mpvehiculoestado` (`idestado`),
  CONSTRAINT `FK_mpvehiculoestado` FOREIGN KEY (`idestado`) REFERENCES `mpestadovehiculo` (`idestado`)
) ENGINE=InnoDB DEFAULT CHARSET=utf8;

/*Data for the table `mpvehiculo` */

insert  into `mpvehiculo`(`idvehiculo`,`placa`,`id_tareaje`,`iduserreg`,`horainicio`,`horafinal`,`idestado`,`observacion`,`hora_salida_parqueo`,`lado`,`casillero`,`fecreg`) values ('0000000000000000000000001-2016','ASD-879','11-08-2017-001-1',2,'2017-08-11 17:37:28','2017-08-11 19:37:28',1,NULL,NULL,'P',9,'2017-08-11 17:37:28'),('0000000000000000000000001-2017','ABC-123','11-08-2017-001-1',2,'2017-08-11 17:42:04','2017-08-11 19:42:04',1,NULL,NULL,'I',35,'2017-08-11 17:42:04'),('0000000000000000000000002-2016','ASD-877','11-08-2017-001-1',2,'2017-08-11 17:37:52','2017-08-11 19:37:52',1,NULL,NULL,'I',10,'2017-08-11 17:37:52'),('0000000000000000000000002-2017','AS-987','11-08-2017-001-1',2,'2017-08-11 17:44:28','2017-08-11 19:44:28',1,NULL,NULL,'I',41,'2017-08-11 17:44:28'),('0000000000000000000000003-2016','ABC-123','11-08-2017-001-1',2,'2017-08-11 17:41:28','2017-08-11 19:41:28',1,NULL,NULL,'I',35,'2017-08-11 17:41:28'),('0000000000000000000000003-2017','AS-987','11-08-2017-001-1',2,'2017-08-11 17:45:10','2017-08-11 19:45:10',1,NULL,NULL,'I',44,'2017-08-11 17:45:10'),('0000000000000000000000004-2017','AS-987','11-08-2017-001-1',2,'2017-08-11 17:46:23','2017-08-11 19:46:23',1,NULL,NULL,'I',44,'2017-08-11 17:46:23'),('0000000000000000000000005-2017','AS-987','11-08-2017-001-1',2,'2017-08-11 17:46:44','2017-08-11 19:46:44',1,NULL,NULL,'I',44,'2017-08-11 17:46:44'),('0000000000000000000000006-2017','AS-987','11-08-2017-001-1',2,'2017-08-11 17:47:01','2017-08-11 19:47:01',1,NULL,NULL,'I',44,'2017-08-11 17:47:01'),('0000000000000000000000007-2017','AS-987','11-08-2017-001-1',2,'2017-08-11 17:47:36','2017-08-11 19:47:36',1,NULL,NULL,'I',50,'2017-08-11 17:47:36'),('0000000000000000000000008-2017','AS-987','11-08-2017-001-1',2,'2017-08-11 17:47:56','2017-08-11 19:47:56',1,NULL,NULL,'I',50,'2017-08-11 17:47:56'),('0000000000000000000000009-2017','AS-987','11-08-2017-001-1',2,'2017-08-11 17:49:01','2017-08-11 19:49:01',1,NULL,NULL,'I',0,'2017-08-11 17:49:01'),('0000000000000000000000010-2017','AS-987','11-08-2017-001-1',2,'2017-08-11 17:50:50','2017-08-11 19:50:50',1,NULL,NULL,'I',0,'2017-08-11 17:50:50'),('0000000000000000000000011-2017','AS-987','11-08-2017-001-1',2,'2017-08-11 17:54:10','2017-08-11 19:54:10',1,NULL,NULL,'I',60,'2017-08-11 17:54:10'),('0000000000000000000000012-2017','AS-987','11-08-2017-001-1',2,'2017-08-11 17:54:15','2017-08-11 19:54:15',1,NULL,NULL,'I',60,'2017-08-11 17:54:15');

/* Procedure structure for procedure `insertEstacionamiento` */

/*!50003 DROP PROCEDURE IF EXISTS  `insertEstacionamiento` */;

DELIMITER $$

/*!50003 CREATE DEFINER=`root`@`localhost` PROCEDURE `insertEstacionamiento`(IN codplaca VARCHAR(8), IN cod_tareaje VARCHAR(25), IN coduser INT(5), IN lad VARCHAR(2), IN casilla INT(2))
BEGIN	
	
	
	INSERT INTO mpvehiculo	
	(idvehiculo, placa		,id_tareaje	,iduserreg	,horainicio	,horafinal			,idestado	,lado	,casillero,fecreg ) VALUES  
	(
	(
	SELECT CONCAT(IFNULL(LPAD(MAX(SUBSTRING(VE.idvehiculo,1,25))+1,25,'0'),LPAD('1',25,'0')), '-' , DATE_FORMAT(NOW(),"%Y"))
	FROM 	mpvehiculo VE
	WHERE 	SUBSTRING(VE.idvehiculo,27,5) 	= DATE_FORMAT(NOW(),"%Y")        
	AND 	DATE_FORMAT(VE.fecreg,"%Y") 	= DATE_FORMAT(NOW(),"%Y")
	)
	,codplaca	
	,cod_tareaje	
	,coduser	
	,NOW()		
	,ADDTIME(NOW()	
	, (
	SELECT CA.`tiempoparqueo`
	FROM `mp_tareaje` TA
	INNER JOIN `mp_cuadras` CU 	ON CU.`id_cuadras`=TA.`id_cuadras`
	INNER JOIN `mpcalle` CA 	ON CA.`codvia`=CU.`id_via` 
	INNER JOIN `mp_turno` TU	ON TU.`id_turno`=TA.`id_turno`
	WHERE TA.`fecha_tarea`=DATE_FORMAT(NOW(), "%Y-%m-%d") 
	aND TA.`iduser_parqueador`=coduser
	AND TU.`hora_ingreso` < TIME_FORMAT(NOW(), '%H:%i:%s')
	AND TU.`hora_fin`> TIME_FORMAT(NOW(), '%H:%i:%s')
	LIMIT 1 	
	))	
	,'1'
	,lad 
	,casilla
	,now());
	
	SELECT CONCAT(IFNULL(LPAD(MAX(SUBSTRING(VE.idvehiculo,1,25)),25,'0'),LPAD('1',25,'0')), '-' , DATE_FORMAT(NOW(),"%Y")) as ID
	FROM 	mpvehiculo VE
	WHERE 	SUBSTRING(VE.idvehiculo,27,5) 	= DATE_FORMAT(NOW(),"%Y") 
	AND 	DATE_FORMAT(VE.fecreg,"%Y") 	= DATE_FORMAT(NOW(),"%Y");
	
 END */$$
DELIMITER ;

/* Procedure structure for procedure `selectParqueado` */

/*!50003 DROP PROCEDURE IF EXISTS  `selectParqueado` */;

DELIMITER $$

/*!50003 CREATE DEFINER=`root`@`localhost` PROCEDURE `selectParqueado`(IN iduser INT(6))
BEGIN
	SELECT VE.idvehiculo
	, VE.`placa`
	, VE.`horainicio`
	, VE.`horafinal`
	,TIMEDIFF(VE.`horafinal`,NOW()) as diferencia
	,iduserreg 
	FROM `mpvehiculo` VE
	INNER JOIN `mp_tareaje` TA ON TA.`id_tareaje`=VE.`id_tareaje`
	WHERE VE.`idestado`='1' AND VE.`iduserreg`=iduser;
 END */$$
DELIMITER ;

/*!40101 SET SQL_MODE=@OLD_SQL_MODE */;
/*!40014 SET FOREIGN_KEY_CHECKS=@OLD_FOREIGN_KEY_CHECKS */;
/*!40014 SET UNIQUE_CHECKS=@OLD_UNIQUE_CHECKS */;
/*!40111 SET SQL_NOTES=@OLD_SQL_NOTES */;
